position,strategy,rows,weeks,mae,mase,rmse,bias,total_calibration,spearman,top1_capture
DEF,equal,3114,12,0.9352470341484568,0.6640005339070045,1.9828181559734244,-0.1152933213836594,0.8804848858892426,0.6338427844109208,0.3076923076923077
DEF,nnls,3114,12,0.933951127392602,0.6630917245817242,1.9797227012928378,-0.11594269626001422,0.8798117323056975,0.6335756870953428,0.25274725274725274
DEF,ridge,3114,12,0.9347901340240474,0.6636861321693615,1.9797026898668997,-0.11407353052194981,0.881749342861068,0.6335316466242021,0.25274725274725274
DEF,single:catboost_mae,3114,12,0.8306190635413521,0.5897404859633468,2.129114380846638,-0.5172430121250347,0.46381666452817655,0.5922885954247012,0.23626373626373626
DEF,single:catboost_rmse,3114,12,0.9835445517693302,0.6982826268716964,1.9703617590237967,0.0008206656667644842,1.000850716673204,0.6315575743250013,0.21428571428571427
DEF,single:hist_gradient_boosting_squared,3114,12,1.0224437052762523,0.7259457102436471,1.9799961963064685,0.05760937509338161,1.059718906138745,0.6281510515573733,0.3241758241758242
DEF,single:lightgbm_l2,3114,12,0.9838775717970283,0.6985007725941239,1.9915444807116616,-0.002360314169749101,0.9975532562168447,0.627787373555828,0.33516483516483514
DEF,top_k,3114,12,0.9130480706337571,0.6482278495573089,1.9922542394090812,-0.1705471841444046,0.8232077458636232,0.6326829783613622,0.24725274725274726
FWD,equal,1268,12,0.9109586394942696,0.6363762467350113,2.1189438698994723,-0.14658553141624905,0.8724293384792012,0.7452150549971939,0.37566137566137564
FWD,nnls,1268,12,0.8842320461234404,0.617880558242412,2.162028809473233,-0.24993628403102805,0.7824851007883709,0.7474563122000192,0.3386243386243386
FWD,ridge,1268,12,0.892354269360905,0.6235220272397252,2.1522755091657437,-0.22400633044756932,0.8050514570984778,0.7467899148395293,0.37566137566137564
FWD,single:catboost_mae,1268,12,0.8193088080886717,0.5723962521834289,2.2918408838734194,-0.5329619595731842,0.536173119602747,0.7098961020326495,0.4444444444444444
FWD,single:catboost_rmse,1268,12,0.9638575132598698,0.6733658568494538,2.1171687366240923,-0.02757904675019684,0.9759984685797874,0.7432118275122276,0.3544973544973545
FWD,single:hist_gradient_boosting_squared,1268,12,0.9852618085240337,0.6882720645129776,2.1120759813528007,-0.0011816584404253933,0.9989716246379826,0.7574328693486176,0.47619047619047616
FWD,single:lightgbm_l2,1268,12,0.9486822642785852,0.6626867707462936,2.129275178444019,-0.024619460901189702,0.978574141096288,0.7318800829535165,0.37037037037037035
FWD,top_k,1268,12,0.8917645189157168,0.6229723311985866,2.128997697941108,-0.1879786257609091,0.8364056983769164,0.7466127238465506,0.37566137566137564
GK,equal,1098,12,0.5687107711276544,0.616909243478269,1.4657228821602886,-0.035694642719180214,0.9516139287584447,0.6463472092368355,0.5877862595419847
GK,nnls,1098,12,0.5929778325272984,0.6433110538982215,1.4740039883712948,0.017297562872758,1.0234478074497386,0.6420015935407666,0.5038167938931297
GK,ridge,1098,12,0.5920649522764971,0.6423232984479794,1.4723014637816796,0.016095985248693098,1.021819002226006,0.6420221408692991,0.5267175572519084
GK,single:catboost_mae,1098,12,0.5226551807299775,0.5669986172666263,1.5527650031283806,-0.2390780599861191,0.675916407574372,0.6181946805361639,0.2900763358778626
GK,single:catboost_rmse,1098,12,0.5964066118554799,0.6469761801688135,1.4600988493367801,0.025903550889874373,1.0351137023173853,0.6446463802992625,0.4351145038167939
GK,single:hist_gradient_boosting_squared,1098,12,0.6139241131137212,0.6659821588445906,1.4918826011237845,0.048432204903789154,1.0656525444251363,0.685520448327498,0.5038167938931297
GK,single:lightgbm_l2,1098,12,0.5971816091518417,0.6478105761810882,1.4902192825199447,0.021963733315734747,1.029773060716885,0.6374753521283595,0.46564885496183206
GK,top_k,1098,12,0.5576884491381404,0.6049568213677219,1.4694624724395131,-0.06373692526017004,0.9136010568695473,0.6426664400550774,0.4580152671755725
MID,equal,4176,12,0.8738377120678867,0.6723653448307596,1.935757153702188,-0.0754325313718431,0.9358308716624939,0.7630043779676123,0.3125
MID,nnls,4176,12,0.8590007859112404,0.6609595609350509,1.943357508272729,-0.12205824121773969,0.8961671999744794,0.7635764342991056,0.3557692307692308
MID,ridge,4176,12,0.8592436874038559,0.6611466516433061,1.9431643353503014,-0.12116434080183605,0.8969276253435594,0.7635967410848407,0.3557692307692308
MID,single:catboost_mae,4176,12,0.7865385484719101,0.6052376537671452,2.0884394419733185,-0.4554740334238298,0.6125362469794432,0.7367441953243136,0.2980769230769231
MID,single:catboost_rmse,4176,12,0.9228473789939722,0.7100610539008596,1.945487987175109,0.04371056272051275,1.0371838072766064,0.7598231350996202,0.24519230769230768
MID,single:hist_gradient_boosting_squared,4176,12,0.9302322312212044,0.7157744413370439,1.9420516871850992,0.05204995884503483,1.044277984953527,0.7677124655647503,0.3125
MID,single:lightgbm_l2,4176,12,0.9273378157100832,0.7135016926391743,1.9591127722687818,0.057983386370909856,1.0493254474403992,0.7596060136826264,0.3557692307692308
MID,top_k,4176,12,0.8627845267216452,0.6638649504074745,1.9432314938355502,-0.11704353333152208,0.9004331238149449,0.7630212941195769,0.3269230769230769
