position,left,right,residual_correlation
GK,catboost_mae,catboost_rmse,0.9531576777606828
GK,catboost_mae,hist_gradient_boosting_squared,0.9268507186519696
GK,catboost_mae,lightgbm_l2,0.9228597714207606
GK,catboost_rmse,hist_gradient_boosting_squared,0.9696526481487755
GK,catboost_rmse,lightgbm_l2,0.9659871953629112
GK,hist_gradient_boosting_squared,lightgbm_l2,0.9609688630846364
DEF,catboost_mae,catboost_rmse,0.9593639347118984
DEF,catboost_mae,hist_gradient_boosting_squared,0.9571956313326629
DEF,catboost_mae,lightgbm_l2,0.9496043050133272
DEF,catboost_rmse,hist_gradient_boosting_squared,0.9895527311054556
DEF,catboost_rmse,lightgbm_l2,0.9868887072106224
DEF,hist_gradient_boosting_squared,lightgbm_l2,0.9834719102056252
MID,catboost_mae,catboost_rmse,0.9320127441152329
MID,catboost_mae,hist_gradient_boosting_squared,0.9250451727785072
MID,catboost_mae,lightgbm_l2,0.9077164618503434
MID,catboost_rmse,hist_gradient_boosting_squared,0.9870215438504066
MID,catboost_rmse,lightgbm_l2,0.9820975427423289
MID,hist_gradient_boosting_squared,lightgbm_l2,0.9774562236745584
FWD,catboost_mae,catboost_rmse,0.954723827891523
FWD,catboost_mae,hist_gradient_boosting_squared,0.9497234204405498
FWD,catboost_mae,lightgbm_l2,0.9229272736347423
FWD,catboost_rmse,hist_gradient_boosting_squared,0.9830464518164695
FWD,catboost_rmse,lightgbm_l2,0.9732071091100871
FWD,hist_gradient_boosting_squared,lightgbm_l2,0.9755621110760286
