position,GW_global,strategy,expert,weight,weight_train_max_gw
GK,141,single:catboost_mae,catboost_mae,1.0,140
GK,141,single:catboost_rmse,catboost_rmse,1.0,140
GK,141,single:hist_gradient_boosting_squared,hist_gradient_boosting_squared,1.0,140
GK,141,single:lightgbm_l2,lightgbm_l2,1.0,140
GK,141,equal,catboost_mae,0.25,140
GK,141,equal,catboost_rmse,0.25,140
GK,141,equal,hist_gradient_boosting_squared,0.25,140
GK,141,equal,lightgbm_l2,0.25,140
GK,141,nnls,catboost_mae,0.4001784223717008,140
GK,141,nnls,catboost_rmse,0.0,140
GK,141,nnls,hist_gradient_boosting_squared,0.5268676595326048,140
GK,141,nnls,lightgbm_l2,0.07295391809569435,140
GK,141,ridge,catboost_mae,0.42914572300219245,140
GK,141,ridge,catboost_rmse,0.0,140
GK,141,ridge,hist_gradient_boosting_squared,0.46175172734567216,140
GK,141,ridge,lightgbm_l2,0.10910254965213526,140
GK,141,top_k,catboost_mae,0.3333333333333333,140
GK,141,top_k,catboost_rmse,0.3333333333333333,140
GK,141,top_k,hist_gradient_boosting_squared,0.0,140
GK,141,top_k,lightgbm_l2,0.3333333333333333,140
GK,142,single:catboost_mae,catboost_mae,1.0,141
GK,142,single:catboost_rmse,catboost_rmse,1.0,141
GK,142,single:hist_gradient_boosting_squared,hist_gradient_boosting_squared,1.0,141
GK,142,single:lightgbm_l2,lightgbm_l2,1.0,141
GK,142,equal,catboost_mae,0.25,141
GK,142,equal,catboost_rmse,0.25,141
GK,142,equal,hist_gradient_boosting_squared,0.25,141
GK,142,equal,lightgbm_l2,0.25,141
GK,142,nnls,catboost_mae,0.2046722383151774,141
GK,142,nnls,catboost_rmse,0.12486831067581586,141
GK,142,nnls,hist_gradient_boosting_squared,0.40112049286189927,141
GK,142,nnls,lightgbm_l2,0.26933895814710757,141
GK,142,ridge,catboost_mae,0.20005701592192005,141
GK,142,ridge,catboost_rmse,0.1358475858364899,141
GK,142,ridge,hist_gradient_boosting_squared,0.39503873333358414,141
GK,142,ridge,lightgbm_l2,0.269056664908006,141
GK,142,top_k,catboost_mae,0.3333333333333333,141
GK,142,top_k,catboost_rmse,0.3333333333333333,141
GK,142,top_k,hist_gradient_boosting_squared,0.0,141
GK,142,top_k,lightgbm_l2,0.3333333333333333,141
GK,143,single:catboost_mae,catboost_mae,1.0,142
GK,143,single:catboost_rmse,catboost_rmse,1.0,142
GK,143,single:hist_gradient_boosting_squared,hist_gradient_boosting_squared,1.0,142
GK,143,single:lightgbm_l2,lightgbm_l2,1.0,142
GK,143,equal,catboost_mae,0.25,142
GK,143,equal,catboost_rmse,0.25,142
GK,143,equal,hist_gradient_boosting_squared,0.25,142
GK,143,equal,lightgbm_l2,0.25,142
GK,143,nnls,catboost_mae,0.1628694414443943,142
GK,143,nnls,catboost_rmse,0.3695036547614663,142
GK,143,nnls,hist_gradient_boosting_squared,0.12424660938959334,142
GK,143,nnls,lightgbm_l2,0.34338029440454615,142
GK,143,ridge,catboost_mae,0.16471768901473613,142
GK,143,ridge,catboost_rmse,0.3647361062039789,142
GK,143,ridge,hist_gradient_boosting_squared,0.12915944831379758,142
GK,143,ridge,lightgbm_l2,0.34138675646748734,142
GK,143,top_k,catboost_mae,0.3333333333333333,142
GK,143,top_k,catboost_rmse,0.3333333333333333,142
GK,143,top_k,hist_gradient_boosting_squared,0.0,142
GK,143,top_k,lightgbm_l2,0.3333333333333333,142
GK,144,single:catboost_mae,catboost_mae,1.0,143
GK,144,single:catboost_rmse,catboost_rmse,1.0,143
GK,144,single:hist_gradient_boosting_squared,hist_gradient_boosting_squared,1.0,143
GK,144,single:lightgbm_l2,lightgbm_l2,1.0,143
GK,144,equal,catboost_mae,0.25,143
GK,144,equal,catboost_rmse,0.25,143
GK,144,equal,hist_gradient_boosting_squared,0.25,143
GK,144,equal,lightgbm_l2,0.25,143
GK,144,nnls,catboost_mae,0.11977006546037991,143
GK,144,nnls,catboost_rmse,0.3678199611587612,143
GK,144,nnls,hist_gradient_boosting_squared,0.10609465886593175,143
GK,144,nnls,lightgbm_l2,0.40631531451492714,143
GK,144,ridge,catboost_mae,0.12325217390920973,143
GK,144,ridge,catboost_rmse,0.36273411095905145,143
GK,144,ridge,hist_gradient_boosting_squared,0.11096363142078675,143
GK,144,ridge,lightgbm_l2,0.4030500837109521,143
GK,144,top_k,catboost_mae,0.3333333333333333,143
GK,144,top_k,catboost_rmse,0.3333333333333333,143
GK,144,top_k,hist_gradient_boosting_squared,0.0,143
GK,144,top_k,lightgbm_l2,0.3333333333333333,143
GK,145,single:catboost_mae,catboost_mae,1.0,144
GK,145,single:catboost_rmse,catboost_rmse,1.0,144
GK,145,single:hist_gradient_boosting_squared,hist_gradient_boosting_squared,1.0,144
GK,145,single:lightgbm_l2,lightgbm_l2,1.0,144
GK,145,equal,catboost_mae,0.25,144
GK,145,equal,catboost_rmse,0.25,144
GK,145,equal,hist_gradient_boosting_squared,0.25,144
GK,145,equal,lightgbm_l2,0.25,144
GK,145,nnls,catboost_mae,0.05911623794633249,144
GK,145,nnls,catboost_rmse,0.2652767890055219,144
GK,145,nnls,hist_gradient_boosting_squared,0.3344964837812891,144
GK,145,nnls,lightgbm_l2,0.3411104892668565,144
GK,145,ridge,catboost_mae,0.06405353928318921,144
GK,145,ridge,catboost_rmse,0.26393645645995417,144
GK,145,ridge,hist_gradient_boosting_squared,0.3321973215451971,144
GK,145,ridge,lightgbm_l2,0.33981268271165954,144
GK,145,top_k,catboost_mae,0.3333333333333333,144
GK,145,top_k,catboost_rmse,0.3333333333333333,144
GK,145,top_k,hist_gradient_boosting_squared,0.0,144
GK,145,top_k,lightgbm_l2,0.3333333333333333,144
GK,146,single:catboost_mae,catboost_mae,1.0,145
GK,146,single:catboost_rmse,catboost_rmse,1.0,145
GK,146,single:hist_gradient_boosting_squared,hist_gradient_boosting_squared,1.0,145
GK,146,single:lightgbm_l2,lightgbm_l2,1.0,145
GK,146,equal,catboost_mae,0.25,145
GK,146,equal,catboost_rmse,0.25,145
GK,146,equal,hist_gradient_boosting_squared,0.25,145
GK,146,equal,lightgbm_l2,0.25,145
GK,146,nnls,catboost_mae,0.0,145
GK,146,nnls,catboost_rmse,0.10963537762002909,145
GK,146,nnls,hist_gradient_boosting_squared,0.493664428447921,145
GK,146,nnls,lightgbm_l2,0.3967001939320498,145
GK,146,ridge,catboost_mae,0.0,145
GK,146,ridge,catboost_rmse,0.1719990510504732,145
GK,146,ridge,hist_gradient_boosting_squared,0.47123308713855855,145
GK,146,ridge,lightgbm_l2,0.35676786181096826,145
GK,146,top_k,catboost_mae,0.3333333333333333,145
GK,146,top_k,catboost_rmse,0.3333333333333333,145
GK,146,top_k,hist_gradient_boosting_squared,0.0,145
GK,146,top_k,lightgbm_l2,0.3333333333333333,145
GK,147,single:catboost_mae,catboost_mae,1.0,146
GK,147,single:catboost_rmse,catboost_rmse,1.0,146
GK,147,single:hist_gradient_boosting_squared,hist_gradient_boosting_squared,1.0,146
GK,147,single:lightgbm_l2,lightgbm_l2,1.0,146
GK,147,equal,catboost_mae,0.25,146
GK,147,equal,catboost_rmse,0.25,146
GK,147,equal,hist_gradient_boosting_squared,0.25,146
GK,147,equal,lightgbm_l2,0.25,146
GK,147,nnls,catboost_mae,0.0,146
GK,147,nnls,catboost_rmse,0.2164602051082036,146
GK,147,nnls,hist_gradient_boosting_squared,0.489319690362837,146
GK,147,nnls,lightgbm_l2,0.29422010452895947,146
GK,147,ridge,catboost_mae,0.0,146
GK,147,ridge,catboost_rmse,0.25189665998028793,146
GK,147,ridge,hist_gradient_boosting_squared,0.47147988279783354,146
GK,147,ridge,lightgbm_l2,0.2766234572218786,146
GK,147,top_k,catboost_mae,0.3333333333333333,146
GK,147,top_k,catboost_rmse,0.3333333333333333,146
GK,147,top_k,hist_gradient_boosting_squared,0.0,146
GK,147,top_k,lightgbm_l2,0.3333333333333333,146
GK,148,single:catboost_mae,catboost_mae,1.0,147
GK,148,single:catboost_rmse,catboost_rmse,1.0,147
GK,148,single:hist_gradient_boosting_squared,hist_gradient_boosting_squared,1.0,147
GK,148,single:lightgbm_l2,lightgbm_l2,1.0,147
GK,148,equal,catboost_mae,0.25,147
GK,148,equal,catboost_rmse,0.25,147
GK,148,equal,hist_gradient_boosting_squared,0.25,147
GK,148,equal,lightgbm_l2,0.25,147
GK,148,nnls,catboost_mae,0.0,147
GK,148,nnls,catboost_rmse,0.3408320287059752,147
GK,148,nnls,hist_gradient_boosting_squared,0.4845448766223958,147
GK,148,nnls,lightgbm_l2,0.17462309467162904,147
GK,148,ridge,catboost_mae,0.0,147
GK,148,ridge,catboost_rmse,0.3867761298926403,147
GK,148,ridge,hist_gradient_boosting_squared,0.4538693427166029,147
GK,148,ridge,lightgbm_l2,0.15935452739075673,147
GK,148,top_k,catboost_mae,0.3333333333333333,147
GK,148,top_k,catboost_rmse,0.3333333333333333,147
GK,148,top_k,hist_gradient_boosting_squared,0.0,147
GK,148,top_k,lightgbm_l2,0.3333333333333333,147
GK,149,single:catboost_mae,catboost_mae,1.0,148
GK,149,single:catboost_rmse,catboost_rmse,1.0,148
GK,149,single:hist_gradient_boosting_squared,hist_gradient_boosting_squared,1.0,148
GK,149,single:lightgbm_l2,lightgbm_l2,1.0,148
GK,149,equal,catboost_mae,0.25,148
GK,149,equal,catboost_rmse,0.25,148
GK,149,equal,hist_gradient_boosting_squared,0.25,148
GK,149,equal,lightgbm_l2,0.25,148
GK,149,nnls,catboost_mae,0.0,148
GK,149,nnls,catboost_rmse,0.6920183993988921,148
GK,149,nnls,hist_gradient_boosting_squared,0.3079816006011079,148
GK,149,nnls,lightgbm_l2,0.0,148
GK,149,ridge,catboost_mae,0.0,148
GK,149,ridge,catboost_rmse,0.7001496640496597,148
GK,149,ridge,hist_gradient_boosting_squared,0.2998503359503404,148
GK,149,ridge,lightgbm_l2,0.0,148
GK,149,top_k,catboost_mae,0.3333333333333333,148
GK,149,top_k,catboost_rmse,0.3333333333333333,148
GK,149,top_k,hist_gradient_boosting_squared,0.0,148
GK,149,top_k,lightgbm_l2,0.3333333333333333,148
GK,150,single:catboost_mae,catboost_mae,1.0,149
GK,150,single:catboost_rmse,catboost_rmse,1.0,149
GK,150,single:hist_gradient_boosting_squared,hist_gradient_boosting_squared,1.0,149
GK,150,single:lightgbm_l2,lightgbm_l2,1.0,149
GK,150,equal,catboost_mae,0.25,149
GK,150,equal,catboost_rmse,0.25,149
GK,150,equal,hist_gradient_boosting_squared,0.25,149
GK,150,equal,lightgbm_l2,0.25,149
GK,150,nnls,catboost_mae,0.0,149
GK,150,nnls,catboost_rmse,0.6809921622106251,149
GK,150,nnls,hist_gradient_boosting_squared,0.16217095411340457,149
GK,150,nnls,lightgbm_l2,0.1568368836759704,149
GK,150,ridge,catboost_mae,0.0,149
GK,150,ridge,catboost_rmse,0.6876074184703246,149
GK,150,ridge,hist_gradient_boosting_squared,0.17056832414485637,149
GK,150,ridge,lightgbm_l2,0.14182425738481905,149
GK,150,top_k,catboost_mae,0.3333333333333333,149
GK,150,top_k,catboost_rmse,0.3333333333333333,149
GK,150,top_k,hist_gradient_boosting_squared,0.0,149
GK,150,top_k,lightgbm_l2,0.3333333333333333,149
GK,151,single:catboost_mae,catboost_mae,1.0,150
GK,151,single:catboost_rmse,catboost_rmse,1.0,150
GK,151,single:hist_gradient_boosting_squared,hist_gradient_boosting_squared,1.0,150
GK,151,single:lightgbm_l2,lightgbm_l2,1.0,150
GK,151,equal,catboost_mae,0.25,150
GK,151,equal,catboost_rmse,0.25,150
GK,151,equal,hist_gradient_boosting_squared,0.25,150
GK,151,equal,lightgbm_l2,0.25,150
GK,151,nnls,catboost_mae,0.0,150
GK,151,nnls,catboost_rmse,0.6476632975774076,150
GK,151,nnls,hist_gradient_boosting_squared,0.2659131137699006,150
GK,151,nnls,lightgbm_l2,0.08642358865269183,150
GK,151,ridge,catboost_mae,0.0,150
GK,151,ridge,catboost_rmse,0.6600820923589237,150
GK,151,ridge,hist_gradient_boosting_squared,0.2621471589830121,150
GK,151,ridge,lightgbm_l2,0.07777074865806417,150
GK,151,top_k,catboost_mae,0.3333333333333333,150
GK,151,top_k,catboost_rmse,0.3333333333333333,150
GK,151,top_k,hist_gradient_boosting_squared,0.0,150
GK,151,top_k,lightgbm_l2,0.3333333333333333,150
GK,152,single:catboost_mae,catboost_mae,1.0,151
GK,152,single:catboost_rmse,catboost_rmse,1.0,151
GK,152,single:hist_gradient_boosting_squared,hist_gradient_boosting_squared,1.0,151
GK,152,single:lightgbm_l2,lightgbm_l2,1.0,151
GK,152,equal,catboost_mae,0.25,151
GK,152,equal,catboost_rmse,0.25,151
GK,152,equal,hist_gradient_boosting_squared,0.25,151
GK,152,equal,lightgbm_l2,0.25,151
GK,152,nnls,catboost_mae,0.0,151
GK,152,nnls,catboost_rmse,0.6335083621270282,151
GK,152,nnls,hist_gradient_boosting_squared,0.18206403028816648,151
GK,152,nnls,lightgbm_l2,0.18442760758480534,151
GK,152,ridge,catboost_mae,0.0,151
GK,152,ridge,catboost_rmse,0.6361839492489342,151
GK,152,ridge,hist_gradient_boosting_squared,0.18410363609238758,151
GK,152,ridge,lightgbm_l2,0.17971241465867815,151
GK,152,top_k,catboost_mae,0.3333333333333333,151
GK,152,top_k,catboost_rmse,0.3333333333333333,151
GK,152,top_k,hist_gradient_boosting_squared,0.0,151
GK,152,top_k,lightgbm_l2,0.3333333333333333,151
DEF,141,single:catboost_mae,catboost_mae,1.0,140
DEF,141,single:catboost_rmse,catboost_rmse,1.0,140
DEF,141,single:hist_gradient_boosting_squared,hist_gradient_boosting_squared,1.0,140
DEF,141,single:lightgbm_l2,lightgbm_l2,1.0,140
DEF,141,equal,catboost_mae,0.25,140
DEF,141,equal,catboost_rmse,0.25,140
DEF,141,equal,hist_gradient_boosting_squared,0.25,140
DEF,141,equal,lightgbm_l2,0.25,140
DEF,141,nnls,catboost_mae,0.12987516780949315,140
DEF,141,nnls,catboost_rmse,0.6919433005087811,140
DEF,141,nnls,hist_gradient_boosting_squared,0.0,140
DEF,141,nnls,lightgbm_l2,0.17818153168172582,140
DEF,141,ridge,catboost_mae,0.13271596185754728,140
DEF,141,ridge,catboost_rmse,0.6762102601568433,140
DEF,141,ridge,hist_gradient_boosting_squared,0.0,140
DEF,141,ridge,lightgbm_l2,0.19107377798560937,140
DEF,141,top_k,catboost_mae,0.3333333333333333,140
DEF,141,top_k,catboost_rmse,0.3333333333333333,140
DEF,141,top_k,hist_gradient_boosting_squared,0.3333333333333333,140
DEF,141,top_k,lightgbm_l2,0.0,140
DEF,142,single:catboost_mae,catboost_mae,1.0,141
DEF,142,single:catboost_rmse,catboost_rmse,1.0,141
DEF,142,single:hist_gradient_boosting_squared,hist_gradient_boosting_squared,1.0,141
DEF,142,single:lightgbm_l2,lightgbm_l2,1.0,141
DEF,142,equal,catboost_mae,0.25,141
DEF,142,equal,catboost_rmse,0.25,141
DEF,142,equal,hist_gradient_boosting_squared,0.25,141
DEF,142,equal,lightgbm_l2,0.25,141
DEF,142,nnls,catboost_mae,0.18577491532323756,141
DEF,142,nnls,catboost_rmse,0.5617502015636684,141
DEF,142,nnls,hist_gradient_boosting_squared,0.0,141
DEF,142,nnls,lightgbm_l2,0.2524748831130941,141
DEF,142,ridge,catboost_mae,0.18410697181184357,141
DEF,142,ridge,catboost_rmse,0.5543582264507269,141
DEF,142,ridge,hist_gradient_boosting_squared,0.0,141
DEF,142,ridge,lightgbm_l2,0.26153480173742966,141
DEF,142,top_k,catboost_mae,0.3333333333333333,141
DEF,142,top_k,catboost_rmse,0.3333333333333333,141
DEF,142,top_k,hist_gradient_boosting_squared,0.3333333333333333,141
DEF,142,top_k,lightgbm_l2,0.0,141
DEF,143,single:catboost_mae,catboost_mae,1.0,142
DEF,143,single:catboost_rmse,catboost_rmse,1.0,142
DEF,143,single:hist_gradient_boosting_squared,hist_gradient_boosting_squared,1.0,142
DEF,143,single:lightgbm_l2,lightgbm_l2,1.0,142
DEF,143,equal,catboost_mae,0.25,142
DEF,143,equal,catboost_rmse,0.25,142
DEF,143,equal,hist_gradient_boosting_squared,0.25,142
DEF,143,equal,lightgbm_l2,0.25,142
DEF,143,nnls,catboost_mae,0.303565111258236,142
DEF,143,nnls,catboost_rmse,0.6183144970621187,142
DEF,143,nnls,hist_gradient_boosting_squared,0.0,142
DEF,143,nnls,lightgbm_l2,0.07812039167964513,142
DEF,143,ridge,catboost_mae,0.29360129426827986,142
DEF,143,ridge,catboost_rmse,0.611553517320047,142
DEF,143,ridge,hist_gradient_boosting_squared,0.0,142
DEF,143,ridge,lightgbm_l2,0.09484518841167305,142
DEF,143,top_k,catboost_mae,0.3333333333333333,142
DEF,143,top_k,catboost_rmse,0.3333333333333333,142
DEF,143,top_k,hist_gradient_boosting_squared,0.3333333333333333,142
DEF,143,top_k,lightgbm_l2,0.0,142
DEF,144,single:catboost_mae,catboost_mae,1.0,143
DEF,144,single:catboost_rmse,catboost_rmse,1.0,143
DEF,144,single:hist_gradient_boosting_squared,hist_gradient_boosting_squared,1.0,143
DEF,144,single:lightgbm_l2,lightgbm_l2,1.0,143
DEF,144,equal,catboost_mae,0.25,143
DEF,144,equal,catboost_rmse,0.25,143
DEF,144,equal,hist_gradient_boosting_squared,0.25,143
DEF,144,equal,lightgbm_l2,0.25,143
DEF,144,nnls,catboost_mae,0.3771583148147841,143
DEF,144,nnls,catboost_rmse,0.5468377376248413,143
DEF,144,nnls,hist_gradient_boosting_squared,0.0,143
DEF,144,nnls,lightgbm_l2,0.07600394756037464,143
DEF,144,ridge,catboost_mae,0.35903192413190055,143
DEF,144,ridge,catboost_rmse,0.5461967355924457,143
DEF,144,ridge,hist_gradient_boosting_squared,0.0,143
DEF,144,ridge,lightgbm_l2,0.09477134027565375,143
DEF,144,top_k,catboost_mae,0.3333333333333333,143
DEF,144,top_k,catboost_rmse,0.3333333333333333,143
DEF,144,top_k,hist_gradient_boosting_squared,0.3333333333333333,143
DEF,144,top_k,lightgbm_l2,0.0,143
DEF,145,single:catboost_mae,catboost_mae,1.0,144
DEF,145,single:catboost_rmse,catboost_rmse,1.0,144
DEF,145,single:hist_gradient_boosting_squared,hist_gradient_boosting_squared,1.0,144
DEF,145,single:lightgbm_l2,lightgbm_l2,1.0,144
DEF,145,equal,catboost_mae,0.25,144
DEF,145,equal,catboost_rmse,0.25,144
DEF,145,equal,hist_gradient_boosting_squared,0.25,144
DEF,145,equal,lightgbm_l2,0.25,144
DEF,145,nnls,catboost_mae,0.34719067786735824,144
DEF,145,nnls,catboost_rmse,0.5730605859974914,144
DEF,145,nnls,hist_gradient_boosting_squared,0.0,144
DEF,145,nnls,lightgbm_l2,0.07974873613515045,144
DEF,145,ridge,catboost_mae,0.3414088207289776,144
DEF,145,ridge,catboost_rmse,0.5713225346144823,144
DEF,145,ridge,hist_gradient_boosting_squared,0.0,144
DEF,145,ridge,lightgbm_l2,0.0872686446565399,144
DEF,145,top_k,catboost_mae,0.3333333333333333,144
DEF,145,top_k,catboost_rmse,0.3333333333333333,144
DEF,145,top_k,hist_gradient_boosting_squared,0.3333333333333333,144
DEF,145,top_k,lightgbm_l2,0.0,144
DEF,146,single:catboost_mae,catboost_mae,1.0,145
DEF,146,single:catboost_rmse,catboost_rmse,1.0,145
DEF,146,single:hist_gradient_boosting_squared,hist_gradient_boosting_squared,1.0,145
DEF,146,single:lightgbm_l2,lightgbm_l2,1.0,145
DEF,146,equal,catboost_mae,0.25,145
DEF,146,equal,catboost_rmse,0.25,145
DEF,146,equal,hist_gradient_boosting_squared,0.25,145
DEF,146,equal,lightgbm_l2,0.25,145
DEF,146,nnls,catboost_mae,0.2779462152299781,145
DEF,146,nnls,catboost_rmse,0.696837858666308,145
DEF,146,nnls,hist_gradient_boosting_squared,0.0,145
DEF,146,nnls,lightgbm_l2,0.025215926103714065,145
DEF,146,ridge,catboost_mae,0.2782919667818902,145
DEF,146,ridge,catboost_rmse,0.6934755239747437,145
DEF,146,ridge,hist_gradient_boosting_squared,0.0,145
DEF,146,ridge,lightgbm_l2,0.02823250924336604,145
DEF,146,top_k,catboost_mae,0.3333333333333333,145
DEF,146,top_k,catboost_rmse,0.3333333333333333,145
DEF,146,top_k,hist_gradient_boosting_squared,0.0,145
DEF,146,top_k,lightgbm_l2,0.3333333333333333,145
DEF,147,single:catboost_mae,catboost_mae,1.0,146
DEF,147,single:catboost_rmse,catboost_rmse,1.0,146
DEF,147,single:hist_gradient_boosting_squared,hist_gradient_boosting_squared,1.0,146
DEF,147,single:lightgbm_l2,lightgbm_l2,1.0,146
DEF,147,equal,catboost_mae,0.25,146
DEF,147,equal,catboost_rmse,0.25,146
DEF,147,equal,hist_gradient_boosting_squared,0.25,146
DEF,147,equal,lightgbm_l2,0.25,146
DEF,147,nnls,catboost_mae,0.264759944581363,146
DEF,147,nnls,catboost_rmse,0.7161804148594796,146
DEF,147,nnls,hist_gradient_boosting_squared,0.019059640559157327,146
DEF,147,nnls,lightgbm_l2,0.0,146
DEF,147,ridge,catboost_mae,0.25908725139833644,146
DEF,147,ridge,catboost_rmse,0.710902492682565,146
DEF,147,ridge,hist_gradient_boosting_squared,0.03001025591909857,146
DEF,147,ridge,lightgbm_l2,0.0,146
DEF,147,top_k,catboost_mae,0.3333333333333333,146
DEF,147,top_k,catboost_rmse,0.3333333333333333,146
DEF,147,top_k,hist_gradient_boosting_squared,0.0,146
DEF,147,top_k,lightgbm_l2,0.3333333333333333,146
DEF,148,single:catboost_mae,catboost_mae,1.0,147
DEF,148,single:catboost_rmse,catboost_rmse,1.0,147
DEF,148,single:hist_gradient_boosting_squared,hist_gradient_boosting_squared,1.0,147
DEF,148,single:lightgbm_l2,lightgbm_l2,1.0,147
DEF,148,equal,catboost_mae,0.25,147
DEF,148,equal,catboost_rmse,0.25,147
DEF,148,equal,hist_gradient_boosting_squared,0.25,147
DEF,148,equal,lightgbm_l2,0.25,147
DEF,148,nnls,catboost_mae,0.22351536706808484,147
DEF,148,nnls,catboost_rmse,0.692204986991237,147
DEF,148,nnls,hist_gradient_boosting_squared,0.08427964594067813,147
DEF,148,nnls,lightgbm_l2,0.0,147
DEF,148,ridge,catboost_mae,0.22234572757761273,147
DEF,148,ridge,catboost_rmse,0.6887349289344409,147
DEF,148,ridge,hist_gradient_boosting_squared,0.08891934348794654,147
DEF,148,ridge,lightgbm_l2,0.0,147
DEF,148,top_k,catboost_mae,0.3333333333333333,147
DEF,148,top_k,catboost_rmse,0.3333333333333333,147
DEF,148,top_k,hist_gradient_boosting_squared,0.0,147
DEF,148,top_k,lightgbm_l2,0.3333333333333333,147
DEF,149,single:catboost_mae,catboost_mae,1.0,148
DEF,149,single:catboost_rmse,catboost_rmse,1.0,148
DEF,149,single:hist_gradient_boosting_squared,hist_gradient_boosting_squared,1.0,148
DEF,149,single:lightgbm_l2,lightgbm_l2,1.0,148
DEF,149,equal,catboost_mae,0.25,148
DEF,149,equal,catboost_rmse,0.25,148
DEF,149,equal,hist_gradient_boosting_squared,0.25,148
DEF,149,equal,lightgbm_l2,0.25,148
DEF,149,nnls,catboost_mae,0.1714829636093048,148
DEF,149,nnls,catboost_rmse,0.7059451628948776,148
DEF,149,nnls,hist_gradient_boosting_squared,0.03816012633807328,148
DEF,149,nnls,lightgbm_l2,0.08441174715774437,148
DEF,149,ridge,catboost_mae,0.17229610343025187,148
DEF,149,ridge,catboost_rmse,0.701789740564895,148
DEF,149,ridge,hist_gradient_boosting_squared,0.04014770380804805,148
DEF,149,ridge,lightgbm_l2,0.08576645219680508,148
DEF,149,top_k,catboost_mae,0.3333333333333333,148
DEF,149,top_k,catboost_rmse,0.3333333333333333,148
DEF,149,top_k,hist_gradient_boosting_squared,0.0,148
DEF,149,top_k,lightgbm_l2,0.3333333333333333,148
DEF,150,single:catboost_mae,catboost_mae,1.0,149
DEF,150,single:catboost_rmse,catboost_rmse,1.0,149
DEF,150,single:hist_gradient_boosting_squared,hist_gradient_boosting_squared,1.0,149
DEF,150,single:lightgbm_l2,lightgbm_l2,1.0,149
DEF,150,equal,catboost_mae,0.25,149
DEF,150,equal,catboost_rmse,0.25,149
DEF,150,equal,hist_gradient_boosting_squared,0.25,149
DEF,150,equal,lightgbm_l2,0.25,149
DEF,150,nnls,catboost_mae,0.17708165856668726,149
DEF,150,nnls,catboost_rmse,0.740273700370997,149
DEF,150,nnls,hist_gradient_boosting_squared,0.009007327504061462,149
DEF,150,nnls,lightgbm_l2,0.07363731355825415,149
DEF,150,ridge,catboost_mae,0.1778943754617801,149
DEF,150,ridge,catboost_rmse,0.7361686398442349,149
DEF,150,ridge,hist_gradient_boosting_squared,0.010974395335025497,149
DEF,150,ridge,lightgbm_l2,0.07496258935895958,149
DEF,150,top_k,catboost_mae,0.3333333333333333,149
DEF,150,top_k,catboost_rmse,0.3333333333333333,149
DEF,150,top_k,hist_gradient_boosting_squared,0.0,149
DEF,150,top_k,lightgbm_l2,0.3333333333333333,149
DEF,151,single:catboost_mae,catboost_mae,1.0,150
DEF,151,single:catboost_rmse,catboost_rmse,1.0,150
DEF,151,single:hist_gradient_boosting_squared,hist_gradient_boosting_squared,1.0,150
DEF,151,single:lightgbm_l2,lightgbm_l2,1.0,150
DEF,151,equal,catboost_mae,0.25,150
DEF,151,equal,catboost_rmse,0.25,150
DEF,151,equal,hist_gradient_boosting_squared,0.25,150
DEF,151,equal,lightgbm_l2,0.25,150
DEF,151,nnls,catboost_mae,0.1356061964437229,150
DEF,151,nnls,catboost_rmse,0.7891186253384066,150
DEF,151,nnls,hist_gradient_boosting_squared,0.037175673107811606,150
DEF,151,nnls,lightgbm_l2,0.03809950511005887,150
DEF,151,ridge,catboost_mae,0.13672322272504023,150
DEF,151,ridge,catboost_rmse,0.7848258705187493,150
DEF,151,ridge,hist_gradient_boosting_squared,0.038922225885574306,150
DEF,151,ridge,lightgbm_l2,0.03952868087063612,150
DEF,151,top_k,catboost_mae,0.3333333333333333,150
DEF,151,top_k,catboost_rmse,0.3333333333333333,150
DEF,151,top_k,hist_gradient_boosting_squared,0.0,150
DEF,151,top_k,lightgbm_l2,0.3333333333333333,150
DEF,152,single:catboost_mae,catboost_mae,1.0,151
DEF,152,single:catboost_rmse,catboost_rmse,1.0,151
DEF,152,single:hist_gradient_boosting_squared,hist_gradient_boosting_squared,1.0,151
DEF,152,single:lightgbm_l2,lightgbm_l2,1.0,151
DEF,152,equal,catboost_mae,0.25,151
DEF,152,equal,catboost_rmse,0.25,151
DEF,152,equal,hist_gradient_boosting_squared,0.25,151
DEF,152,equal,lightgbm_l2,0.25,151
DEF,152,nnls,catboost_mae,0.24721086870551967,151
DEF,152,nnls,catboost_rmse,0.5883736192039796,151
DEF,152,nnls,hist_gradient_boosting_squared,0.16441551209050081,151
DEF,152,nnls,lightgbm_l2,0.0,151
DEF,152,ridge,catboost_mae,0.23944898103444326,151
DEF,152,ridge,catboost_rmse,0.5895990958023684,151
DEF,152,ridge,hist_gradient_boosting_squared,0.17095192316318827,151
DEF,152,ridge,lightgbm_l2,0.0,151
DEF,152,top_k,catboost_mae,0.3333333333333333,151
DEF,152,top_k,catboost_rmse,0.3333333333333333,151
DEF,152,top_k,hist_gradient_boosting_squared,0.0,151
DEF,152,top_k,lightgbm_l2,0.3333333333333333,151
MID,141,single:catboost_mae,catboost_mae,1.0,140
MID,141,single:catboost_rmse,catboost_rmse,1.0,140
MID,141,single:hist_gradient_boosting_squared,hist_gradient_boosting_squared,1.0,140
MID,141,single:lightgbm_l2,lightgbm_l2,1.0,140
MID,141,equal,catboost_mae,0.25,140
MID,141,equal,catboost_rmse,0.25,140
MID,141,equal,hist_gradient_boosting_squared,0.25,140
MID,141,equal,lightgbm_l2,0.25,140
MID,141,nnls,catboost_mae,0.24757973174075582,140
MID,141,nnls,catboost_rmse,0.18083948627172924,140
MID,141,nnls,hist_gradient_boosting_squared,0.3863153981194424,140
MID,141,nnls,lightgbm_l2,0.1852653838680727,140
MID,141,ridge,catboost_mae,0.24691139247213292,140
MID,141,ridge,catboost_rmse,0.18240060699504423,140
MID,141,ridge,hist_gradient_boosting_squared,0.3849846583518797,140
MID,141,ridge,lightgbm_l2,0.18570334218094312,140
MID,141,top_k,catboost_mae,0.3333333333333333,140
MID,141,top_k,catboost_rmse,0.0,140
MID,141,top_k,hist_gradient_boosting_squared,0.3333333333333333,140
MID,141,top_k,lightgbm_l2,0.3333333333333333,140
MID,142,single:catboost_mae,catboost_mae,1.0,141
MID,142,single:catboost_rmse,catboost_rmse,1.0,141
MID,142,single:hist_gradient_boosting_squared,hist_gradient_boosting_squared,1.0,141
MID,142,single:lightgbm_l2,lightgbm_l2,1.0,141
MID,142,equal,catboost_mae,0.25,141
MID,142,equal,catboost_rmse,0.25,141
MID,142,equal,hist_gradient_boosting_squared,0.25,141
MID,142,equal,lightgbm_l2,0.25,141
MID,142,nnls,catboost_mae,0.25626660527676176,141
MID,142,nnls,catboost_rmse,0.23925744607566476,141
MID,142,nnls,hist_gradient_boosting_squared,0.33684934115765686,141
MID,142,nnls,lightgbm_l2,0.16762660748991653,141
MID,142,ridge,catboost_mae,0.2557867486363054,141
MID,142,ridge,catboost_rmse,0.23979048854000465,141
MID,142,ridge,hist_gradient_boosting_squared,0.3362938545616008,141
MID,142,ridge,lightgbm_l2,0.16812890826208904,141
MID,142,top_k,catboost_mae,0.3333333333333333,141
MID,142,top_k,catboost_rmse,0.3333333333333333,141
MID,142,top_k,hist_gradient_boosting_squared,0.3333333333333333,141
MID,142,top_k,lightgbm_l2,0.0,141
MID,143,single:catboost_mae,catboost_mae,1.0,142
MID,143,single:catboost_rmse,catboost_rmse,1.0,142
MID,143,single:hist_gradient_boosting_squared,hist_gradient_boosting_squared,1.0,142
MID,143,single:lightgbm_l2,lightgbm_l2,1.0,142
MID,143,equal,catboost_mae,0.25,142
MID,143,equal,catboost_rmse,0.25,142
MID,143,equal,hist_gradient_boosting_squared,0.25,142
MID,143,equal,lightgbm_l2,0.25,142
MID,143,nnls,catboost_mae,0.41998615920944643,142
MID,143,nnls,catboost_rmse,0.12625817748606824,142
MID,143,nnls,hist_gradient_boosting_squared,0.34664743030205175,142
MID,143,nnls,lightgbm_l2,0.1071082330024336,142
MID,143,ridge,catboost_mae,0.41874731270761206,142
MID,143,ridge,catboost_rmse,0.12788122477315514,142
MID,143,ridge,hist_gradient_boosting_squared,0.34598426286853473,142
MID,143,ridge,lightgbm_l2,0.10738719965069814,142
MID,143,top_k,catboost_mae,0.3333333333333333,142
MID,143,top_k,catboost_rmse,0.3333333333333333,142
MID,143,top_k,hist_gradient_boosting_squared,0.3333333333333333,142
MID,143,top_k,lightgbm_l2,0.0,142
MID,144,single:catboost_mae,catboost_mae,1.0,143
MID,144,single:catboost_rmse,catboost_rmse,1.0,143
MID,144,single:hist_gradient_boosting_squared,hist_gradient_boosting_squared,1.0,143
MID,144,single:lightgbm_l2,lightgbm_l2,1.0,143
MID,144,equal,catboost_mae,0.25,143
MID,144,equal,catboost_rmse,0.25,143
MID,144,equal,hist_gradient_boosting_squared,0.25,143
MID,144,equal,lightgbm_l2,0.25,143
MID,144,nnls,catboost_mae,0.43682740193425756,143
MID,144,nnls,catboost_rmse,0.0854023090827534,143
MID,144,nnls,hist_gradient_boosting_squared,0.34859905267673924,143
MID,144,nnls,lightgbm_l2,0.1291712363062498,143
MID,144,ridge,catboost_mae,0.43549727162859225,143
MID,144,ridge,catboost_rmse,0.08734496669957488,143
MID,144,ridge,hist_gradient_boosting_squared,0.34787360085614133,143
MID,144,ridge,lightgbm_l2,0.12928416081569155,143
MID,144,top_k,catboost_mae,0.3333333333333333,143
MID,144,top_k,catboost_rmse,0.3333333333333333,143
MID,144,top_k,hist_gradient_boosting_squared,0.3333333333333333,143
MID,144,top_k,lightgbm_l2,0.0,143
MID,145,single:catboost_mae,catboost_mae,1.0,144
MID,145,single:catboost_rmse,catboost_rmse,1.0,144
MID,145,single:hist_gradient_boosting_squared,hist_gradient_boosting_squared,1.0,144
MID,145,single:lightgbm_l2,lightgbm_l2,1.0,144
MID,145,equal,catboost_mae,0.25,144
MID,145,equal,catboost_rmse,0.25,144
MID,145,equal,hist_gradient_boosting_squared,0.25,144
MID,145,equal,lightgbm_l2,0.25,144
MID,145,nnls,catboost_mae,0.4586787061037453,144
MID,145,nnls,catboost_rmse,0.0,144
MID,145,nnls,hist_gradient_boosting_squared,0.34632600267267305,144
MID,145,nnls,lightgbm_l2,0.19499529122358158,144
MID,145,ridge,catboost_mae,0.45476518658411247,144
MID,145,ridge,catboost_rmse,0.0,144
MID,145,ridge,hist_gradient_boosting_squared,0.34747634701871927,144
MID,145,ridge,lightgbm_l2,0.1977584663971683,144
MID,145,top_k,catboost_mae,0.3333333333333333,144
MID,145,top_k,catboost_rmse,0.3333333333333333,144
MID,145,top_k,hist_gradient_boosting_squared,0.3333333333333333,144
MID,145,top_k,lightgbm_l2,0.0,144
MID,146,single:catboost_mae,catboost_mae,1.0,145
MID,146,single:catboost_rmse,catboost_rmse,1.0,145
MID,146,single:hist_gradient_boosting_squared,hist_gradient_boosting_squared,1.0,145
MID,146,single:lightgbm_l2,lightgbm_l2,1.0,145
MID,146,equal,catboost_mae,0.25,145
MID,146,equal,catboost_rmse,0.25,145
MID,146,equal,hist_gradient_boosting_squared,0.25,145
MID,146,equal,lightgbm_l2,0.25,145
MID,146,nnls,catboost_mae,0.3873917266396713,145
MID,146,nnls,catboost_rmse,0.07769981845602324,145
MID,146,nnls,hist_gradient_boosting_squared,0.3380058150342911,145
MID,146,nnls,lightgbm_l2,0.19690263987001425,145
MID,146,ridge,catboost_mae,0.38644308332913574,145
MID,146,ridge,catboost_rmse,0.07929900639339968,145
MID,146,ridge,hist_gradient_boosting_squared,0.33741953758026144,145
MID,146,ridge,lightgbm_l2,0.19683837269720322,145
MID,146,top_k,catboost_mae,0.3333333333333333,145
MID,146,top_k,catboost_rmse,0.3333333333333333,145
MID,146,top_k,hist_gradient_boosting_squared,0.3333333333333333,145
MID,146,top_k,lightgbm_l2,0.0,145
MID,147,single:catboost_mae,catboost_mae,1.0,146
MID,147,single:catboost_rmse,catboost_rmse,1.0,146
MID,147,single:hist_gradient_boosting_squared,hist_gradient_boosting_squared,1.0,146
MID,147,single:lightgbm_l2,lightgbm_l2,1.0,146
MID,147,equal,catboost_mae,0.25,146
MID,147,equal,catboost_rmse,0.25,146
MID,147,equal,hist_gradient_boosting_squared,0.25,146
MID,147,equal,lightgbm_l2,0.25,146
MID,147,nnls,catboost_mae,0.3207669023868369,146
MID,147,nnls,catboost_rmse,0.16221805554930727,146
MID,147,nnls,hist_gradient_boosting_squared,0.32890517804247343,146
MID,147,nnls,lightgbm_l2,0.18810986402138244,146
MID,147,ridge,catboost_mae,0.32019101936892824,146
MID,147,ridge,catboost_rmse,0.1630853451514032,146
MID,147,ridge,hist_gradient_boosting_squared,0.32851378392961056,146
MID,147,ridge,lightgbm_l2,0.18820985155005804,146
MID,147,top_k,catboost_mae,0.3333333333333333,146
MID,147,top_k,catboost_rmse,0.3333333333333333,146
MID,147,top_k,hist_gradient_boosting_squared,0.3333333333333333,146
MID,147,top_k,lightgbm_l2,0.0,146
MID,148,single:catboost_mae,catboost_mae,1.0,147
MID,148,single:catboost_rmse,catboost_rmse,1.0,147
MID,148,single:hist_gradient_boosting_squared,hist_gradient_boosting_squared,1.0,147
MID,148,single:lightgbm_l2,lightgbm_l2,1.0,147
MID,148,equal,catboost_mae,0.25,147
MID,148,equal,catboost_rmse,0.25,147
MID,148,equal,hist_gradient_boosting_squared,0.25,147
MID,148,equal,lightgbm_l2,0.25,147
MID,148,nnls,catboost_mae,0.33289303317771524,147
MID,148,nnls,catboost_rmse,0.09537090407042627,147
MID,148,nnls,hist_gradient_boosting_squared,0.3831602528211371,147
MID,148,nnls,lightgbm_l2,0.1885758099307215,147
MID,148,ridge,catboost_mae,0.3322638023973367,147
MID,148,ridge,catboost_rmse,0.0966271214721553,147
MID,148,ridge,hist_gradient_boosting_squared,0.3825244458060341,147
MID,148,ridge,lightgbm_l2,0.1885846303244739,147
MID,148,top_k,catboost_mae,0.3333333333333333,147
MID,148,top_k,catboost_rmse,0.3333333333333333,147
MID,148,top_k,hist_gradient_boosting_squared,0.3333333333333333,147
MID,148,top_k,lightgbm_l2,0.0,147
MID,149,single:catboost_mae,catboost_mae,1.0,148
MID,149,single:catboost_rmse,catboost_rmse,1.0,148
MID,149,single:hist_gradient_boosting_squared,hist_gradient_boosting_squared,1.0,148
MID,149,single:lightgbm_l2,lightgbm_l2,1.0,148
MID,149,equal,catboost_mae,0.25,148
MID,149,equal,catboost_rmse,0.25,148
MID,149,equal,hist_gradient_boosting_squared,0.25,148
MID,149,equal,lightgbm_l2,0.25,148
MID,149,nnls,catboost_mae,0.3022073622311852,148
MID,149,nnls,catboost_rmse,0.0,148
MID,149,nnls,hist_gradient_boosting_squared,0.4936786395651819,148
MID,149,nnls,lightgbm_l2,0.20411399820363288,148
MID,149,ridge,catboost_mae,0.30197200856560596,148
MID,149,ridge,catboost_rmse,0.0,148
MID,149,ridge,hist_gradient_boosting_squared,0.49205650936734946,148
MID,149,ridge,lightgbm_l2,0.20597148206704452,148
MID,149,top_k,catboost_mae,0.3333333333333333,148
MID,149,top_k,catboost_rmse,0.3333333333333333,148
MID,149,top_k,hist_gradient_boosting_squared,0.3333333333333333,148
MID,149,top_k,lightgbm_l2,0.0,148
MID,150,single:catboost_mae,catboost_mae,1.0,149
MID,150,single:catboost_rmse,catboost_rmse,1.0,149
MID,150,single:hist_gradient_boosting_squared,hist_gradient_boosting_squared,1.0,149
MID,150,single:lightgbm_l2,lightgbm_l2,1.0,149
MID,150,equal,catboost_mae,0.25,149
MID,150,equal,catboost_rmse,0.25,149
MID,150,equal,hist_gradient_boosting_squared,0.25,149
MID,150,equal,lightgbm_l2,0.25,149
MID,150,nnls,catboost_mae,0.33127404065730737,149
MID,150,nnls,catboost_rmse,0.0,149
MID,150,nnls,hist_gradient_boosting_squared,0.47218869892800597,149
MID,150,nnls,lightgbm_l2,0.19653726041468678,149
MID,150,ridge,catboost_mae,0.3254696481570225,149
MID,150,ridge,catboost_rmse,0.0,149
MID,150,ridge,hist_gradient_boosting_squared,0.46798748698894693,149
MID,150,ridge,lightgbm_l2,0.20654286485403062,149
MID,150,top_k,catboost_mae,0.3333333333333333,149
MID,150,top_k,catboost_rmse,0.0,149
MID,150,top_k,hist_gradient_boosting_squared,0.3333333333333333,149
MID,150,top_k,lightgbm_l2,0.3333333333333333,149
MID,151,single:catboost_mae,catboost_mae,1.0,150
MID,151,single:catboost_rmse,catboost_rmse,1.0,150
MID,151,single:hist_gradient_boosting_squared,hist_gradient_boosting_squared,1.0,150
MID,151,single:lightgbm_l2,lightgbm_l2,1.0,150
MID,151,equal,catboost_mae,0.25,150
MID,151,equal,catboost_rmse,0.25,150
MID,151,equal,hist_gradient_boosting_squared,0.25,150
MID,151,equal,lightgbm_l2,0.25,150
MID,151,nnls,catboost_mae,0.32907651715810154,150
MID,151,nnls,catboost_rmse,0.0,150
MID,151,nnls,hist_gradient_boosting_squared,0.4866651152643033,150
MID,151,nnls,lightgbm_l2,0.18425836757759523,150
MID,151,ridge,catboost_mae,0.3248108848486875,150
MID,151,ridge,catboost_rmse,0.0,150
MID,151,ridge,hist_gradient_boosting_squared,0.4809500839956999,150
MID,151,ridge,lightgbm_l2,0.1942390311556127,150
MID,151,top_k,catboost_mae,0.3333333333333333,150
MID,151,top_k,catboost_rmse,0.0,150
MID,151,top_k,hist_gradient_boosting_squared,0.3333333333333333,150
MID,151,top_k,lightgbm_l2,0.3333333333333333,150
MID,152,single:catboost_mae,catboost_mae,1.0,151
MID,152,single:catboost_rmse,catboost_rmse,1.0,151
MID,152,single:hist_gradient_boosting_squared,hist_gradient_boosting_squared,1.0,151
MID,152,single:lightgbm_l2,lightgbm_l2,1.0,151
MID,152,equal,catboost_mae,0.25,151
MID,152,equal,catboost_rmse,0.25,151
MID,152,equal,hist_gradient_boosting_squared,0.25,151
MID,152,equal,lightgbm_l2,0.25,151
MID,152,nnls,catboost_mae,0.38087072018247925,151
MID,152,nnls,catboost_rmse,0.0,151
MID,152,nnls,hist_gradient_boosting_squared,0.4010825279306118,151
MID,152,nnls,lightgbm_l2,0.21804675188690908,151
MID,152,ridge,catboost_mae,0.37970895688951484,151
MID,152,ridge,catboost_rmse,0.0,151
MID,152,ridge,hist_gradient_boosting_squared,0.40109775698812344,151
MID,152,ridge,lightgbm_l2,0.2191932861223616,151
MID,152,top_k,catboost_mae,0.3333333333333333,151
MID,152,top_k,catboost_rmse,0.3333333333333333,151
MID,152,top_k,hist_gradient_boosting_squared,0.3333333333333333,151
MID,152,top_k,lightgbm_l2,0.0,151
FWD,141,single:catboost_mae,catboost_mae,1.0,140
FWD,141,single:catboost_rmse,catboost_rmse,1.0,140
FWD,141,single:hist_gradient_boosting_squared,hist_gradient_boosting_squared,1.0,140
FWD,141,single:lightgbm_l2,lightgbm_l2,1.0,140
FWD,141,equal,catboost_mae,0.25,140
FWD,141,equal,catboost_rmse,0.25,140
FWD,141,equal,hist_gradient_boosting_squared,0.25,140
FWD,141,equal,lightgbm_l2,0.25,140
FWD,141,nnls,catboost_mae,0.7801053735730157,140
FWD,141,nnls,catboost_rmse,0.028889924063583164,140
FWD,141,nnls,hist_gradient_boosting_squared,0.19100470236340114,140
FWD,141,nnls,lightgbm_l2,0.0,140
FWD,141,ridge,catboost_mae,0.6651743717814546,140
FWD,141,ridge,catboost_rmse,0.13123731781650738,140
FWD,141,ridge,hist_gradient_boosting_squared,0.20358831040203804,140
FWD,141,ridge,lightgbm_l2,0.0,140
FWD,141,top_k,catboost_mae,0.3333333333333333,140
FWD,141,top_k,catboost_rmse,0.3333333333333333,140
FWD,141,top_k,hist_gradient_boosting_squared,0.3333333333333333,140
FWD,141,top_k,lightgbm_l2,0.0,140
FWD,142,single:catboost_mae,catboost_mae,1.0,141
FWD,142,single:catboost_rmse,catboost_rmse,1.0,141
FWD,142,single:hist_gradient_boosting_squared,hist_gradient_boosting_squared,1.0,141
FWD,142,single:lightgbm_l2,lightgbm_l2,1.0,141
FWD,142,equal,catboost_mae,0.25,141
FWD,142,equal,catboost_rmse,0.25,141
FWD,142,equal,hist_gradient_boosting_squared,0.25,141
FWD,142,equal,lightgbm_l2,0.25,141
FWD,142,nnls,catboost_mae,0.6970725021014089,141
FWD,142,nnls,catboost_rmse,0.10076241667473307,141
FWD,142,nnls,hist_gradient_boosting_squared,0.20216508122385807,141
FWD,142,nnls,lightgbm_l2,0.0,141
FWD,142,ridge,catboost_mae,0.6014417009176655,141
FWD,142,ridge,catboost_rmse,0.1832197804557062,141
FWD,142,ridge,hist_gradient_boosting_squared,0.21533851862662837,141
FWD,142,ridge,lightgbm_l2,0.0,141
FWD,142,top_k,catboost_mae,0.3333333333333333,141
FWD,142,top_k,catboost_rmse,0.3333333333333333,141
FWD,142,top_k,hist_gradient_boosting_squared,0.3333333333333333,141
FWD,142,top_k,lightgbm_l2,0.0,141
FWD,143,single:catboost_mae,catboost_mae,1.0,142
FWD,143,single:catboost_rmse,catboost_rmse,1.0,142
FWD,143,single:hist_gradient_boosting_squared,hist_gradient_boosting_squared,1.0,142
FWD,143,single:lightgbm_l2,lightgbm_l2,1.0,142
FWD,143,equal,catboost_mae,0.25,142
FWD,143,equal,catboost_rmse,0.25,142
FWD,143,equal,hist_gradient_boosting_squared,0.25,142
FWD,143,equal,lightgbm_l2,0.25,142
FWD,143,nnls,catboost_mae,0.5785347204052783,142
FWD,143,nnls,catboost_rmse,0.20292584423810694,142
FWD,143,nnls,hist_gradient_boosting_squared,0.21853943535661474,142
FWD,143,nnls,lightgbm_l2,0.0,142
FWD,143,ridge,catboost_mae,0.5017133314221999,142
FWD,143,ridge,catboost_rmse,0.2558794103032593,142
FWD,143,ridge,hist_gradient_boosting_squared,0.24240725827454082,142
FWD,143,ridge,lightgbm_l2,0.0,142
FWD,143,top_k,catboost_mae,0.3333333333333333,142
FWD,143,top_k,catboost_rmse,0.3333333333333333,142
FWD,143,top_k,hist_gradient_boosting_squared,0.3333333333333333,142
FWD,143,top_k,lightgbm_l2,0.0,142
FWD,144,single:catboost_mae,catboost_mae,1.0,143
FWD,144,single:catboost_rmse,catboost_rmse,1.0,143
FWD,144,single:hist_gradient_boosting_squared,hist_gradient_boosting_squared,1.0,143
FWD,144,single:lightgbm_l2,lightgbm_l2,1.0,143
FWD,144,equal,catboost_mae,0.25,143
FWD,144,equal,catboost_rmse,0.25,143
FWD,144,equal,hist_gradient_boosting_squared,0.25,143
FWD,144,equal,lightgbm_l2,0.25,143
FWD,144,nnls,catboost_mae,0.5341456136285795,143
FWD,144,nnls,catboost_rmse,0.33282662514966543,143
FWD,144,nnls,hist_gradient_boosting_squared,0.13302776122175508,143
FWD,144,nnls,lightgbm_l2,0.0,143
FWD,144,ridge,catboost_mae,0.42860206030281794,143
FWD,144,ridge,catboost_rmse,0.390803702512098,143
FWD,144,ridge,hist_gradient_boosting_squared,0.18059423718508402,143
FWD,144,ridge,lightgbm_l2,0.0,143
FWD,144,top_k,catboost_mae,0.3333333333333333,143
FWD,144,top_k,catboost_rmse,0.3333333333333333,143
FWD,144,top_k,hist_gradient_boosting_squared,0.3333333333333333,143
FWD,144,top_k,lightgbm_l2,0.0,143
FWD,145,single:catboost_mae,catboost_mae,1.0,144
FWD,145,single:catboost_rmse,catboost_rmse,1.0,144
FWD,145,single:hist_gradient_boosting_squared,hist_gradient_boosting_squared,1.0,144
FWD,145,single:lightgbm_l2,lightgbm_l2,1.0,144
FWD,145,equal,catboost_mae,0.25,144
FWD,145,equal,catboost_rmse,0.25,144
FWD,145,equal,hist_gradient_boosting_squared,0.25,144
FWD,145,equal,lightgbm_l2,0.25,144
FWD,145,nnls,catboost_mae,0.5368435037605938,144
FWD,145,nnls,catboost_rmse,0.29127343529634003,144
FWD,145,nnls,hist_gradient_boosting_squared,0.17188306094306607,144
FWD,145,nnls,lightgbm_l2,0.0,144
FWD,145,ridge,catboost_mae,0.46063934735286777,144
FWD,145,ridge,catboost_rmse,0.3370740934896895,144
FWD,145,ridge,hist_gradient_boosting_squared,0.20228655915744279,144
FWD,145,ridge,lightgbm_l2,0.0,144
FWD,145,top_k,catboost_mae,0.3333333333333333,144
FWD,145,top_k,catboost_rmse,0.3333333333333333,144
FWD,145,top_k,hist_gradient_boosting_squared,0.3333333333333333,144
FWD,145,top_k,lightgbm_l2,0.0,144
FWD,146,single:catboost_mae,catboost_mae,1.0,145
FWD,146,single:catboost_rmse,catboost_rmse,1.0,145
FWD,146,single:hist_gradient_boosting_squared,hist_gradient_boosting_squared,1.0,145
FWD,146,single:lightgbm_l2,lightgbm_l2,1.0,145
FWD,146,equal,catboost_mae,0.25,145
FWD,146,equal,catboost_rmse,0.25,145
FWD,146,equal,hist_gradient_boosting_squared,0.25,145
FWD,146,equal,lightgbm_l2,0.25,145
FWD,146,nnls,catboost_mae,0.5930011813410775,145
FWD,146,nnls,catboost_rmse,0.21328301450381132,145
FWD,146,nnls,hist_gradient_boosting_squared,0.19371580415511125,145
FWD,146,nnls,lightgbm_l2,0.0,145
FWD,146,ridge,catboost_mae,0.5375057057718384,145
FWD,146,ridge,catboost_rmse,0.24790011553170352,145
FWD,146,ridge,hist_gradient_boosting_squared,0.21459417869645805,145
FWD,146,ridge,lightgbm_l2,0.0,145
FWD,146,top_k,catboost_mae,0.3333333333333333,145
FWD,146,top_k,catboost_rmse,0.3333333333333333,145
FWD,146,top_k,hist_gradient_boosting_squared,0.0,145
FWD,146,top_k,lightgbm_l2,0.3333333333333333,145
FWD,147,single:catboost_mae,catboost_mae,1.0,146
FWD,147,single:catboost_rmse,catboost_rmse,1.0,146
FWD,147,single:hist_gradient_boosting_squared,hist_gradient_boosting_squared,1.0,146
FWD,147,single:lightgbm_l2,lightgbm_l2,1.0,146
FWD,147,equal,catboost_mae,0.25,146
FWD,147,equal,catboost_rmse,0.25,146
FWD,147,equal,hist_gradient_boosting_squared,0.25,146
FWD,147,equal,lightgbm_l2,0.25,146
FWD,147,nnls,catboost_mae,0.4250557190592685,146
FWD,147,nnls,catboost_rmse,0.43945196110950446,146
FWD,147,nnls,hist_gradient_boosting_squared,0.13549231983122706,146
FWD,147,nnls,lightgbm_l2,0.0,146
FWD,147,ridge,catboost_mae,0.35038903272564487,146
FWD,147,ridge,catboost_rmse,0.46407494860426174,146
FWD,147,ridge,hist_gradient_boosting_squared,0.18553601867009337,146
FWD,147,ridge,lightgbm_l2,0.0,146
FWD,147,top_k,catboost_mae,0.3333333333333333,146
FWD,147,top_k,catboost_rmse,0.3333333333333333,146
FWD,147,top_k,hist_gradient_boosting_squared,0.0,146
FWD,147,top_k,lightgbm_l2,0.3333333333333333,146
FWD,148,single:catboost_mae,catboost_mae,1.0,147
FWD,148,single:catboost_rmse,catboost_rmse,1.0,147
FWD,148,single:hist_gradient_boosting_squared,hist_gradient_boosting_squared,1.0,147
FWD,148,single:lightgbm_l2,lightgbm_l2,1.0,147
FWD,148,equal,catboost_mae,0.25,147
FWD,148,equal,catboost_rmse,0.25,147
FWD,148,equal,hist_gradient_boosting_squared,0.25,147
FWD,148,equal,lightgbm_l2,0.25,147
FWD,148,nnls,catboost_mae,0.4168382701465428,147
FWD,148,nnls,catboost_rmse,0.45275800262470295,147
FWD,148,nnls,hist_gradient_boosting_squared,0.1304037272287542,147
FWD,148,nnls,lightgbm_l2,0.0,147
FWD,148,ridge,catboost_mae,0.40319634592534104,147
FWD,148,ridge,catboost_rmse,0.4562377982440705,147
FWD,148,ridge,hist_gradient_boosting_squared,0.14056585583058848,147
FWD,148,ridge,lightgbm_l2,0.0,147
FWD,148,top_k,catboost_mae,0.3333333333333333,147
FWD,148,top_k,catboost_rmse,0.3333333333333333,147
FWD,148,top_k,hist_gradient_boosting_squared,0.0,147
FWD,148,top_k,lightgbm_l2,0.3333333333333333,147
FWD,149,single:catboost_mae,catboost_mae,1.0,148
FWD,149,single:catboost_rmse,catboost_rmse,1.0,148
FWD,149,single:hist_gradient_boosting_squared,hist_gradient_boosting_squared,1.0,148
FWD,149,single:lightgbm_l2,lightgbm_l2,1.0,148
FWD,149,equal,catboost_mae,0.25,148
FWD,149,equal,catboost_rmse,0.25,148
FWD,149,equal,hist_gradient_boosting_squared,0.25,148
FWD,149,equal,lightgbm_l2,0.25,148
FWD,149,nnls,catboost_mae,0.18840587227555133,148
FWD,149,nnls,catboost_rmse,0.48500256732473374,148
FWD,149,nnls,hist_gradient_boosting_squared,0.3237813024195674,148
FWD,149,nnls,lightgbm_l2,0.002810257980147521,148
FWD,149,ridge,catboost_mae,0.18930553724800153,148
FWD,149,ridge,catboost_rmse,0.4827456062472741,148
FWD,149,ridge,hist_gradient_boosting_squared,0.3236228226613312,148
FWD,149,ridge,lightgbm_l2,0.004326033843393128,148
FWD,149,top_k,catboost_mae,0.3333333333333333,148
FWD,149,top_k,catboost_rmse,0.3333333333333333,148
FWD,149,top_k,hist_gradient_boosting_squared,0.0,148
FWD,149,top_k,lightgbm_l2,0.3333333333333333,148
FWD,150,single:catboost_mae,catboost_mae,1.0,149
FWD,150,single:catboost_rmse,catboost_rmse,1.0,149
FWD,150,single:hist_gradient_boosting_squared,hist_gradient_boosting_squared,1.0,149
FWD,150,single:lightgbm_l2,lightgbm_l2,1.0,149
FWD,150,equal,catboost_mae,0.25,149
FWD,150,equal,catboost_rmse,0.25,149
FWD,150,equal,hist_gradient_boosting_squared,0.25,149
FWD,150,equal,lightgbm_l2,0.25,149
FWD,150,nnls,catboost_mae,0.19625070847761036,149
FWD,150,nnls,catboost_rmse,0.43878065670060107,149
FWD,150,nnls,hist_gradient_boosting_squared,0.3534486629141426,149
FWD,150,nnls,lightgbm_l2,0.011519971907645952,149
FWD,150,ridge,catboost_mae,0.19687059440380614,149
FWD,150,ridge,catboost_rmse,0.437193516854919,149
FWD,150,ridge,hist_gradient_boosting_squared,0.35306865810894655,149
FWD,150,ridge,lightgbm_l2,0.012867230632328313,149
FWD,150,top_k,catboost_mae,0.3333333333333333,149
FWD,150,top_k,catboost_rmse,0.3333333333333333,149
FWD,150,top_k,hist_gradient_boosting_squared,0.0,149
FWD,150,top_k,lightgbm_l2,0.3333333333333333,149
FWD,151,single:catboost_mae,catboost_mae,1.0,150
FWD,151,single:catboost_rmse,catboost_rmse,1.0,150
FWD,151,single:hist_gradient_boosting_squared,hist_gradient_boosting_squared,1.0,150
FWD,151,single:lightgbm_l2,lightgbm_l2,1.0,150
FWD,151,equal,catboost_mae,0.25,150
FWD,151,equal,catboost_rmse,0.25,150
FWD,151,equal,hist_gradient_boosting_squared,0.25,150
FWD,151,equal,lightgbm_l2,0.25,150
FWD,151,nnls,catboost_mae,0.20947534349944982,150
FWD,151,nnls,catboost_rmse,0.41796651214959757,150
FWD,151,nnls,hist_gradient_boosting_squared,0.3553823402716516,150
FWD,151,nnls,lightgbm_l2,0.017175804079300923,150
FWD,151,ridge,catboost_mae,0.20989808971845106,150
FWD,151,ridge,catboost_rmse,0.41671992919851514,150
FWD,151,ridge,hist_gradient_boosting_squared,0.3549809543746177,150
FWD,151,ridge,lightgbm_l2,0.01840102670841613,150
FWD,151,top_k,catboost_mae,0.3333333333333333,150
FWD,151,top_k,catboost_rmse,0.3333333333333333,150
FWD,151,top_k,hist_gradient_boosting_squared,0.0,150
FWD,151,top_k,lightgbm_l2,0.3333333333333333,150
FWD,152,single:catboost_mae,catboost_mae,1.0,151
FWD,152,single:catboost_rmse,catboost_rmse,1.0,151
FWD,152,single:hist_gradient_boosting_squared,hist_gradient_boosting_squared,1.0,151
FWD,152,single:lightgbm_l2,lightgbm_l2,1.0,151
FWD,152,equal,catboost_mae,0.25,151
FWD,152,equal,catboost_rmse,0.25,151
FWD,152,equal,hist_gradient_boosting_squared,0.25,151
FWD,152,equal,lightgbm_l2,0.25,151
FWD,152,nnls,catboost_mae,0.30340410936931933,151
FWD,152,nnls,catboost_rmse,0.28092821752440145,151
FWD,152,nnls,hist_gradient_boosting_squared,0.34042070791838863,151
FWD,152,nnls,lightgbm_l2,0.07524696518789058,151
FWD,152,ridge,catboost_mae,0.3028342292590564,151
FWD,152,ridge,catboost_rmse,0.2811471831422681,151
FWD,152,ridge,hist_gradient_boosting_squared,0.3400532692286709,151
FWD,152,ridge,lightgbm_l2,0.07596531837000456,151
FWD,152,top_k,catboost_mae,0.3333333333333333,151
FWD,152,top_k,catboost_rmse,0.3333333333333333,151
FWD,152,top_k,hist_gradient_boosting_squared,0.0,151
FWD,152,top_k,lightgbm_l2,0.3333333333333333,151
