timestamp,git_hash,versions,name,params,spearman_pos_gw,ev_mae,ev_rmse,bias,total_calibration,loss_auc,haul_auc,cap_ev,bucket_logloss,spearman_pure_bucket,ev_rmse_pure_bucket,calibration_pure_bucket,cap_full_borrowed_params,cap_base_borrowed_params,cap_full_bucket_params,cap_base_bucket_params,actual_total_points,prior_baseline_points,note,gap_vs_standard_points,gap_ci95_low,gap_ci95_high,p_standard_better,sign_test_p,vs_old_params_points,vs_old_params_ci95,p_better,vs_baseline_points,vs_baseline_ci95,backtest_points,delta_vs_baseline,ci_95,baseline,diff,ci_low,ci_high,sign_p,n_players_code,n_players_name,split_careers_fixed,retired_baseline,status,promotion_status,diagnostic_rows,diagnostics_json,standard_control_points,standard_candidate_points,origin_control_points,origin_candidate_points,standard_delta,origin_delta,tests_passed,preflight_selection_fixture_rows,preflight_extra_fixture_rows,preflight_missing_route_rows
2026-07-10T11:57:32.303589,50822c5,,bucket_scheme_sweep,"{""end_gw"": 183, ""model"": ""catboost_bucket"", ""n_buckets"": 2, ""protocol"": ""walk_forward"", ""retrain_every"": 4, ""scheme"": ""binary2"", ""start_gw"": 153, ""tuned"": ""regression_params""}",0.6939,1.1228,1.9792,-0.0095,0.9918,0.8652,,0.4869,,,,,,,,,,,,,,,,,,,,,,,,,,,,,,,,,,,,,,,,,,,,,,,
2026-07-10T11:57:32.330113,50822c5,,bucket_scheme_sweep,"{""end_gw"": 183, ""model"": ""catboost_bucket"", ""n_buckets"": 2, ""protocol"": ""walk_forward"", ""retrain_every"": 4, ""scheme"": ""binary6"", ""start_gw"": 153, ""tuned"": ""regression_params""}",0.6877,1.2568,2.0839,0.0281,1.0241,,,0.5412,,,,,,,,,,,,,,,,,,,,,,,,,,,,,,,,,,,,,,,,,,,,,,,
2026-07-10T11:57:32.356052,50822c5,,bucket_scheme_sweep,"{""end_gw"": 183, ""model"": ""catboost_bucket"", ""n_buckets"": 2, ""protocol"": ""walk_forward"", ""retrain_every"": 4, ""scheme"": ""binary9"", ""start_gw"": 153, ""tuned"": ""regression_params""}",0.6772,1.3636,2.1885,0.0509,1.0436,,0.8779,0.5243,,,,,,,,,,,,,,,,,,,,,,,,,,,,,,,,,,,,,,,,,,,,,,,
2026-07-10T11:57:32.378942,50822c5,,bucket_scheme_sweep,"{""end_gw"": 183, ""model"": ""catboost_bucket"", ""n_buckets"": 3, ""protocol"": ""walk_forward"", ""retrain_every"": 4, ""scheme"": ""tri3"", ""start_gw"": 153, ""tuned"": ""regression_params""}",0.6926,1.1273,1.9721,-0.0043,0.9964,0.8646,,0.53,,,,,,,,,,,,,,,,,,,,,,,,,,,,,,,,,,,,,,,,,,,,,,,
2026-07-10T11:57:32.402641,50822c5,,bucket_scheme_sweep,"{""end_gw"": 183, ""model"": ""catboost_bucket"", ""n_buckets"": 5, ""protocol"": ""walk_forward"", ""retrain_every"": 4, ""scheme"": ""coarse5"", ""start_gw"": 153, ""tuned"": ""regression_params""}",0.7017,1.0252,1.92,0.0197,1.0168,0.8658,0.886,0.5562,,,,,,,,,,,,,,,,,,,,,,,,,,,,,,,,,,,,,,,,,,,,,,,
2026-07-10T11:57:32.426223,50822c5,,bucket_scheme_sweep,"{""end_gw"": 183, ""model"": ""catboost_bucket"", ""n_buckets"": 8, ""protocol"": ""walk_forward"", ""retrain_every"": 4, ""scheme"": ""fine8"", ""start_gw"": 153, ""tuned"": ""regression_params""}",0.7015,1.0228,1.9177,0.0204,1.0175,0.8658,0.8846,0.5655,,,,,,,,,,,,,,,,,,,,,,,,,,,,,,,,,,,,,,,,,,,,,,,
2026-07-10T11:57:32.448765,50822c5,,bucket_scheme_sweep,"{""end_gw"": 183, ""model"": ""catboost_bucket"", ""n_buckets"": 10, ""protocol"": ""walk_forward"", ""retrain_every"": 4, ""scheme"": ""fine10"", ""start_gw"": 153, ""tuned"": ""regression_params""}",0.7015,1.0251,1.9178,0.024,1.0205,0.8658,0.8832,0.5655,,,,,,,,,,,,,,,,,,,,,,,,,,,,,,,,,,,,,,,,,,,,,,,
2026-07-10T11:57:32.470608,50822c5,,bucket_scheme_sweep,"{""end_gw"": 183, ""model"": ""catboost_bucket"", ""n_buckets"": 13, ""protocol"": ""walk_forward"", ""retrain_every"": 4, ""scheme"": ""int13"", ""start_gw"": 153, ""tuned"": ""regression_params""}",0.7015,1.0265,1.9181,0.0259,1.0222,0.8655,0.8844,0.5655,,,,,,,,,,,,,,,,,,,,,,,,,,,,,,,,,,,,,,,,,,,,,,,
2026-07-10T11:57:32.492015,50822c5,,bucket_scheme_sweep,"{""end_gw"": 183, ""model"": ""catboost_regression"", ""protocol"": ""walk_forward"", ""retrain_every"": 4, ""scheme"": null, ""start_gw"": 153, ""tuned"": ""regression_params""}",0.6755,0.8623,2.0726,-0.5321,0.5439,,,0.5431,,,,,,,,,,,,,,,,,,,,,,,,,,,,,,,,,,,,,,,,,,,,,,,
2026-07-10T11:57:32.512854,50822c5,,bucket_fine8_dedicated_tuning,"{""end_gw"": 183, ""model"": ""catboost_bucket"", ""protocol"": ""walk_forward"", ""retrain_every"": 4, ""scheme"": ""fine8"", ""start_gw"": 153, ""tune_max_gw"": 152, ""tune_splits"": 3, ""tune_trials"": 30, ""tuned"": ""bucket_params""}",0.702,0.9977,1.913,-0.0076,0.9935,0.867,0.8876,0.5,0.8985,,,,,,,,,,,,,,,,,,,,,,,,,,,,,,,,,,,,,,,,,,,,,,
2026-07-10T11:57:32.533808,50822c5,,bucket_fine8_lightgbm_member,"{""end_gw"": 183, ""model"": ""lightgbm_bucket"", ""protocol"": ""walk_forward"", ""retrain_every"": 4, ""scheme"": ""fine8"", ""start_gw"": 153, ""tuned"": ""lgb_defaults""}",0.6992,0.9287,1.9594,-0.2224,0.8094,,,0.3914,,,,,,,,,,,,,,,,,,,,,,,,,,,,,,,,,,,,,,,,,,,,,,,
2026-07-10T11:57:32.554775,50822c5,,bucket_regression_blend,"{""base"": ""fine8/catboost_bucket(bucket_params)"", ""chosen_w"": 0.6, ""end_gw"": 183, ""eval_window"": ""GW168-183"", ""other"": ""catboost_regression"", ""protocol"": ""walk_forward"", ""retrain_every"": 4, ""start_gw"": 153, ""weight_selection"": ""first_half_spearman""}",0.7071,,1.9076,,0.8036,,,0.5055,,0.7062,1.8742,0.9812,,,,,,,,,,,,,,,,,,,,,,,,,,,,,,,,,,,,,,,,,,,
2026-07-10T11:57:32.575745,50822c5,,bucket_captaincy_tilt,"{""base"": ""fine8 E[pts]"", ""end_gw"": 183, ""formula"": ""E*(1+p)"", ""protocol"": ""walk_forward"", ""retrain_every"": 4, ""start_gw"": 153, ""tilt"": ""binary6 P(>6)""}",,,,,,,,,,,,,0.5749,0.5655,0.4963,0.5,,,,,,,,,,,,,,,,,,,,,,,,,,,,,,,,,,,,,,,
2026-07-10T11:57:32.597093,50822c5,,bucket_selfensemble_cb_lgb,"{""combine"": ""equal_weight_epts"", ""end_gw"": 183, ""members"": ""fine8/catboost_bucket+fine8/lightgbm_bucket"", ""protocol"": ""walk_forward"", ""retrain_every"": 4, ""start_gw"": 153}",0.7027,,1.9228,,0.9014,,,0.4719,,,,,,,,,,,,,,,,,,,,,,,,,,,,,,,,,,,,,,,,,,,,,,,
2026-07-11T21:40:28.743398,ac927c4,,audit_rebaseline_standard_protocol,"{""features"": ""post-DGW-fix (enforce_gameweek_level_shift, commit d4ebdc2)"", ""horizon"": 3, ""protocol"": ""standard walk-forward (predict.py)"", ""retrain_every"": 4, ""tuned_params"": true, ""weight_strategy"": ""single:catboost"", ""window"": ""GW153-183 (2024-25 GW1-31)""}",,,,,,,,,,,,,,,,,2041.0,2107.0,DGW same-round leakage removed; -66 vs pre-fix 2107 on identical protocol,,,,,,,,,,,,,,,,,,,,,,,,,,,,,,,,,,,,
2026-07-11T21:40:28.766679,ac927c4,,audit_rebaseline_origin_based_protocol,"{""features"": ""post-DGW-fix (enforce_gameweek_level_shift, commit d4ebdc2)"", ""horizon"": 3, ""protocol"": ""origin-based, form frozen at origin deadline (predict.py --origin-based)"", ""retrain_every"": 4, ""tuned_params"": true, ""weight_strategy"": ""single:catboost"", ""window"": ""GW153-183 (2024-25 GW1-31)""}",,,,,,,,,,,,,,,,,1936.0,,"deploy-honest expectation; CI from fpl.milp.compare_backtests, block=3, n=10000",-105.0,-206.0,-21.0,0.991,0.15,,,,,,,,,,,,,,,,,,,,,,,,,,,,,,,
2026-07-11T22:42:06.464810,58c5b96,,retuned_rebaseline_standard,"{""features"": ""post-DGW-fix"", ""horizon"": 3, ""params"": ""capped retuned params (tuned_params 2026-07-11, _meta train_max_gw=152)"", ""protocol"": ""standard walk-forward"", ""retrain_every"": 4, ""weight_strategy"": ""single:catboost"", ""window"": ""GW153-183""}",,,,,,,,,,,,,,,,,2060.0,,statistical tie vs pre-cap params (2041); clean params adopted as production,,,,,,19.0,"[-139, +140]",0.493,,,,,,,,,,,,,,,,,,,,,,,,,,,,
2026-07-11T22:42:06.482261,58c5b96,,retuned_rebaseline_origin_based,"{""features"": ""post-DGW-fix"", ""horizon"": 3, ""params"": ""capped retuned params (tuned_params 2026-07-11, _meta train_max_gw=152)"", ""protocol"": ""origin-based (form frozen at deadline)"", ""retrain_every"": 4, ""weight_strategy"": ""single:catboost"", ""window"": ""GW153-183""}",,,,,,,,,,,,,,,,,1916.0,,"deploy-honest protocol, same window",-144.0,,,,,,,,,,,,,,,,,,,,,,,,,,,,,,,,,,,
2026-07-11T22:42:06.497997,58c5b96,,confirmation_oneshot_standard,"{""features"": ""post-DGW-fix"", ""horizon"": 3, ""params"": ""capped retuned params (tuned_params 2026-07-11, _meta train_max_gw=152)"", ""protocol"": ""standard walk-forward"", ""retrain_every"": 4, ""weight_strategy"": ""single:catboost"", ""window"": ""GW191-221 (2025-26 GW1-31, FROZEN one-shot)""}",,,,,,,,,,,,,,,,,1705.0,,"selection-free window run ONCE; window offered MORE raw points than 153-183 (28052 vs 25374), so the drop vs 2060 is winner's-curse, not season scarcity. Window is now SPENT for selection.",,,,,,,,,,,,,,,,,,,,,,,,,,,,,,,,,,,,
2026-07-11T22:42:06.512702,58c5b96,,confirmation_oneshot_origin_based,"{""features"": ""post-DGW-fix"", ""horizon"": 3, ""params"": ""capped retuned params (tuned_params 2026-07-11, _meta train_max_gw=152)"", ""protocol"": ""origin-based (form frozen at deadline)"", ""retrain_every"": 4, ""weight_strategy"": ""single:catboost"", ""window"": ""GW191-221 (2025-26 GW1-31, FROZEN one-shot)""}",,,,,,,,,,,,,,,,,1499.0,,lookahead gap replicates on a fresh window (was -144 on GW153-183); most honest single estimate of live-deployment scoring,-206.0,,,,,,,,,,,,,,,,,,,,,,,,,,,,,,,,,,,
2026-07-14T08:59:47.515738,4c31233,,minutes_hurdle_v1_backtest,"{""features"": ""post-DGW-fix"", ""horizon"": 3, ""model"": ""TwoStageHurdle: P(min>0) CatBoost-Logloss x E[pts|played] CatBoost-MAE, tuned params"", ""retrain_every"": 4, ""weight_strategy"": ""single:catboost_hurdle"", ""window"": ""GW153-183""}",,,,,,,,,,,,,,,,,2085.0,,TIE vs 2060 production. Swept every forecast diagnostic at every position (rmse/bias/calib/spearman/top1) with slightly worse MAE - first diagnostic sweeper that did NOT lose realized points (prior two lost 48-56). Not promoted; kept in registry.,,,,,1.0,,,0.705,25.0,"[-128, +202]",,,,,,,,,,,,,,,,,,,,,,,,,,
2026-07-16T08:39:07.947635,815a363,,xp_current_leak_probe,"{""features"": ""post-DGW-fix + xP zero-round mask + UNSHIFTED xP_current (leaky)"", ""horizon"": 3, ""retrain_every"": 4, ""weight_strategy"": ""single:catboost"", ""window"": ""GW153-183""}",,,,,,,,,,,,,,,,,,,"LEAKAGE CONFIRMED, artifacts deleted: +855 vs 2060 (CI [-1131,-588]) is impossible; vaastav scrapes xP=ep_this AFTER the round and FPL updates it post-match. Current-GW xP is permanently unusable from this source; TODO 2.2 closes negative.",,,,,,,,,,,2915.0,,,,,,,,,,,,,,,,,,,,,,,,,
2026-07-16T08:39:07.975438,815a363,,xp_zero_round_mask_backtest,"{""features"": ""post-DGW-fix + xP zero-round mask (all-zero GW_global rounds -> NaN before lagged xP forms)"", ""horizon"": 3, ""retrain_every"": 4, ""weight_strategy"": ""single:catboost"", ""window"": ""GW153-183""}",,,,,,,,,,,,,,,,,,,"TIE vs 2060 (sign test 16-13). Kept on data-correctness grounds: unfilled dump rounds (every row xP==0; 27/38 GWs in 2025-26, 1-3/season 2020-25) were polluting xP_prev/xP_roll3.",,,,,,,,0.723,,,2086.0,26.0,"[-112, +187]",,,,,,,,,,,,,,,,,,,,,,,
2026-07-18T10:52:00.000000,b5c9364,,xp_zero_round_mask_backtest_origin_based,"{""features"": ""post-DGW-fix + xP zero-round mask"", ""horizon"": 3, ""retrain_every"": 4, ""weight_strategy"": ""single:catboost"", ""protocol"": ""origin-based (form frozen at deadline)"", ""window"": ""GW153-183""}",,,,,,,,,,,,,,,,,,,"Refreshed origin-based (deploy-honest) anchor after the xP zero-round mask, requested post-merge. Masked run scores 1906. Regenerating the pre-mask predictions (preds_origin_gw153_183_retuned.csv, unchanged since 2026-07-11) through today's MILP reproduces 1903, not the originally-logged 1916 - a 13pt drift attributed to MILP tie-break noise from the same-day CBC->HiGHS default swap (both solvers prove optimality on tied objectives but can pick different equal-value squads); not a regression. Paired comparison on the regenerated pair: 1903 vs 1906, CI [-135,+151], sign test 10-15 (6 ties) p=0.424 - a clear tie, same verdict as the standard protocol (2086 vs 2060). New origin-based anchor: 1906 (supersedes 1916).",,,,,,,,,,,1906.0,-10.0,"[-135, +151]",,,,,,,,,,,,,,,,,,,,,,,
2026-07-18T10:51:07.791571,b5c9364,,lambdarank_v1_backtest,"{""features"": ""post-DGW-fix + xP zero-round mask"", ""horizon"": 3, ""model"": ""LGBMRanker lambdarank, groups=(GW_global) per position, linear label_gain 0-15, isotonic score->points map"", ""retrain_every"": 4, ""weight_strategy"": ""single:lgbm_rank"", ""window"": ""GW153-183""}",,,,,,,,,,,,,,,,,,,"CLEAR LOSS vs 2086 (sign test 10-20). Direct test of the 'MILP consumes within-GW ranking' hypothesis (audit C3): optimizing NDCG on rank labels loses points even with an isotonic points-scale map - the level/tail information a regressor keeps evidently matters to squad value beyond ordering. Hypothesis weakened; member kept in registry, not merged to main.",,,,,,,,0.002,,,1825.0,-261.0,"[-421, -93]",,,,,,,,,,,,,,,,,,,,,,,
2026-07-18T12:33:30.567502,cbb8550,,tuned_lgbm_xgb_bakeoff,"{""comparison"": ""train.py static split + combination bake-off, tuned-vs-tuned registry"", ""tuning"": ""Optuna 50 trials/position, lightgbm+xgboost, train-max-gw=152 cap, seed per tuning.py""}",,,,,,,,,,,,,,,,,,,"single:catboost wins the bake-off at ALL positions even tuned-vs-tuned (eval-half MASE: catboost 0.724/0.638/0.711/0.736 vs best alternative top_k 0.740/0.647/0.723/0.746; tuned lightgbm/xgboost still trail catboost at every position, e.g. DEF 0.744-0.747 vs 0.651). Production unchanged; no MILP backtest triggered since the winner did not change. TODO 2.4 closed.",,,,,,,,,,,,,,,,,,,,,,,,,,,,,,,,,,,,
2026-07-23T19:30:05.398807,c97cb61,,ft_cap5_h3_backtest,"{""ft_cap"": 5, ""horizon"": 3, ""predictions"": ""preds_xpmask_gw153_183.csv (production single:catboost)"", ""protocol"": ""standard"", ""window"": ""GW153-183""}",,,,,,,,,,,,,,,,,,,FT banking cap 5 (site rule since 2024-25) vs policy cap 2: leaning-negative tie at horizon 3 (sign 13-18).,,,,,,,,0.035,,,1951.0,-135.0,"[-290, +8]",,,,,,,,,,,,,,,,,,,,,,,
2026-07-23T19:30:05.420925,c97cb61,,ft_cap5_h5_backtest,"{""ft_cap"": 5, ""horizon"": 5, ""predictions"": ""preds_xpmask_gw153_183.csv (production single:catboost)"", ""protocol"": ""standard"", ""window"": ""GW153-183""}",,,,,,,,,,,,,,,,,,,"Cap 5 at horizon 5: 1886 vs 1977 (h5/cap2), leaning-negative tie (CI [-208,+39], sign 9-21 p=0.043); clear loss vs h3/cap2 2086 (CI excludes 0, P=0.996). Longer lookahead does NOT rescue banking freedom.",,,,,,,,,,,1886.0,,,,,,,,,,,,,,,,,,,,,,,,,
2026-07-23T19:30:05.439510,c97cb61,,ft_cap2_h5_backtest,"{""ft_cap"": 2, ""horizon"": 5, ""predictions"": ""preds_xpmask_gw153_183.csv (production single:catboost)"", ""protocol"": ""standard"", ""window"": ""GW153-183""}",,,,,,,,,,,,,,,,,,,"Horizon-5 control under policy cap 2: worse than horizon 3 (1977 vs 2086), consistent with horizon-3 being the standing protocol.",,,,,,,,,,,1977.0,,,,,,,,,,,,,,,,,,,,,,,,,
2026-07-23T20:35:20.251839,124344b,"{""catboost"": ""1.2.10"", ""highspy"": ""1.15.1"", ""lightgbm"": ""4.6.0"", ""numpy"": ""2.4.6"", ""pandas"": ""3.0.3"", ""pulp"": ""3.3.2"", ""scikit-learn"": ""1.9.0"", ""scipy"": ""1.17.1"", ""xgboost"": ""3.2.0""}",element_code_identity_backtest,"{""data_max_gw"": 228, ""data_rows"": 162981, ""gw"": ""153-183"", ""horizon"": 3, ""identity"": ""fpl_code"", ""protocol"": ""standard"", ""retrain_every"": 4, ""strategy"": ""single:catboost""}",,,,,,,,,,,,,,,,,2057,,,,,,,,,,,,,,,,2086.0,-29.0,-134.0,55.0,0.265,1960.0,2083.0,125.0,,,,,,,,,,,,,,,
2026-07-23T20:56:42.485361,cedc93c,"{""catboost"": ""1.2.10"", ""highspy"": ""1.15.1"", ""lightgbm"": ""4.6.0"", ""numpy"": ""2.4.6"", ""pandas"": ""3.0.3"", ""pulp"": ""3.3.2"", ""scikit-learn"": ""1.9.0"", ""scipy"": ""1.17.1"", ""xgboost"": ""3.2.0""}",origin_baseline_refresh_codeid,"{""data_max_gw"": 228, ""data_rows"": 162981, ""gw"": ""153-183"", ""horizon"": 3, ""identity"": ""fpl_code"", ""protocol"": ""origin-based"", ""retrain_every"": 4, ""strategy"": ""single:catboost""}",,,,,,,,,,,,,,,,,1880,,,,,,,,,,,,,,,,,-26,-138,140,0.2,,,,1906.0,,,,,,,,,,,,,,
2026-10-02T09:25:34.172741,19837ea,"{""catboost"": ""1.2.10"", ""highspy"": ""1.15.1"", ""lightgbm"": ""4.6.0"", ""numpy"": ""2.4.6"", ""pandas"": ""3.0.3"", ""pulp"": ""3.3.2"", ""pytabkit"": ""1.7.3"", ""scikit-learn"": ""1.9.0"", ""scipy"": ""1.17.1"", ""torch"": ""2.13.0"", ""xgboost"": ""3.2.0""}",forecast_screen_round_recovery_2026-10-02,"{""code_sha256"": {""fpl/config.py"": ""59d92d7b62f59014f15f33a79f3f066fa155d3bdfcf134bee861643a6e5cc52e"", ""fpl/data/__init__.py"": ""e3b0c44298fc1c149afbf4c8996fb92427ae41e4649b934ca495991b7852b855"", ""fpl/data/fetch.py"": ""537cf7443322cab45109f163076e1a20e6fa5e392831ee18d06820faa7e36cdc"", ""fpl/experiment.py"": ""2780bf8ead3e6c0c4f3a988fd176ccd98769acbb652d1cc3ca52fc30bf6b5404"", ""fpl/features.py"": ""df09943d91ced157ee36091526a527dd26013516055383c9976bf2df94afae7d"", ""fpl/milp/__init__.py"": ""e3b0c44298fc1c149afbf4c8996fb92427ae41e4649b934ca495991b7852b855"", ""fpl/milp/compare_backtests.py"": ""2b61a70f5dd4ebf968097016045c2e3532f571e1d16190cb9b5b27db13bc0970"", ""fpl/milp/optimize.py"": ""347e09308b309135805485b4d9fad70f058f380200dde7c7c2cbb0fef14d0fb0"", ""fpl/model/__init__.py"": ""e3b0c44298fc1c149afbf4c8996fb92427ae41e4649b934ca495991b7852b855"", ""fpl/model/baselines.py"": ""7147a8801e27003c25bdf40a71898be49fd19711303447f6723e68e6d9b535de"", ""fpl/model/ensemble.py"": ""0a86eeec99daa4bd7a765c3fda6a92b08592c3bb8cec436feabd8455cb181fc7"", ""fpl/model/expert_policy.py"": ""d57d549c92fb132e27b654bee02a6a32e728be5d45b1be4f66d9ca9a1794e67b"", ""fpl/model/metrics.py"": ""3592bebfe9922ca5b38e2c3c71be75d79592987d39db8341c46ec1b3a496bad7"", ""fpl/model/mid_gate.py"": ""3798843118ef6f53ac832fb5c181d2d4b4b18855e7fbe3cdacb1511e6413a151"", ""fpl/model/models.py"": ""75ed241cddd4684e33222d5bcf3805c05cfe3a579573baa231d81c41a0463a2c"", ""fpl/model/moe_promotion.py"": ""93982d906ca6805acb676d13933e49d99a6817ea3fc72b862b331d8812e31337"", ""fpl/model/moe_tournament.py"": ""ebf55260d464416a38b711ec90fa96c9fb9ef832b8edf26caa7d2d348261a33e"", ""fpl/model/predict.py"": ""a1dc8bd29d4c1bce2b578e41ea059f6939cd8d4ce39682914b0f2b3349a54002"", ""fpl/model/probabilistic.py"": ""54aca0f24c80ce6a14db7491fefca05152fc09ed97b2761ca5950e5a7bfdd936"", ""fpl/model/probabilistic_buckets.py"": ""8cb43bdb663250d3adba49b376ca91c0118340ffe320d52c89ee3a4d4a987a66"", ""fpl/model/screen.py"": ""42ac8eab88bd6811c55feedc8fdd8a4fceaf0a557afd5cda8d4a698a986c7369"", ""fpl/model/train.py"": ""1398f66017491a80c10df84c4c96a894633398ac20f2cbe8b6389b3bc729f4f0"", ""fpl/model/tuning.py"": ""6dc565bd18bae9bdd148a4c90a16df9baba7e779a855c40ab65fef2a4412bb23"", ""fpl/model/walk_forward.py"": ""08aa034fe8abb947d898f1b3cd625140486d5c09ad32e53d4abbfc99496947d0"", ""fpl/run_week.py"": ""5b81aa0aaba6e5856a2f8025c501d0ae6643375569ea69ab9b2530240c80448b""}, ""cutoffs"": {""backtest_max_gw"": 183, ""backtest_min_gw"": 153, ""discovery_max_gw"": 136, ""selection_max_gw"": 152, ""selection_min_gw"": 137}, ""dataset_sha256"": ""62f8f1d31d47a5f859f6d73819c9e631a59de346fed7de2fd5877b994a2ccc98"", ""manifest"": ""experiments/branch_recovery_2026-10-02/screen/manifest.json"", ""manifest_sha256"": ""27931b67fe98cb8f2f6f9678f7b0983c8c1795fc4eb96a409a93da575f17e2ff"", ""parameters"": {""catboost_mae"": {""allow_writing_files"": false, ""depth"": 6, ""iterations"": 300, ""learning_rate"": 0.05, ""loss_function"": ""MAE"", ""random_seed"": 0, ""verbose"": 0}, ""catboost_rmse"": {""allow_writing_files"": false, ""depth"": 6, ""iterations"": 300, ""learning_rate"": 0.05, ""loss_function"": ""RMSE"", ""random_seed"": 0, ""verbose"": 0}, ""hist_gradient_boosting_squared"": {""loss"": ""squared_error"", ""random_state"": 0}, ""lightgbm_l2"": {""learning_rate"": 0.05, ""metric"": ""mae"", ""min_data_in_leaf"": 30, ""n_estimators"": 300, ""num_leaves"": 31, ""objective"": ""regression"", ""verbosity"": -1}}, ""semantics"": {""mase_scale"": ""training-only summed player-round lag-one scale"", ""scoring"": ""summed player-position-gameweek forecasts and actuals"", ""training"": ""per-fixture feature rows and targets""}, ""uncommitted_code"": true}",,,,,,,,,,,,,,,,,,,"Exploratory GW137-152 screen only; 4 warmup weeks, scored GW141-152; no realized MILP comparison or production claim.",,,,,,,,,,,,,,,,,,,,,,,complete,NOT ASSESSED,32.0,"[{""position"":""DEF"",""strategy"":""equal"",""rows"":3114,""weeks"":12,""mae"":0.9352470341,""mase"":0.6640005339,""rmse"":1.982818156,""bias"":-0.1152933214,""total_calibration"":0.8804848859,""spearman"":0.6338427844,""top1_capture"":0.3076923077},{""position"":""DEF"",""strategy"":""nnls"",""rows"":3114,""weeks"":12,""mae"":0.9339511274,""mase"":0.6630917246,""rmse"":1.9797227013,""bias"":-0.1159426963,""total_calibration"":0.8798117323,""spearman"":0.6335756871,""top1_capture"":0.2527472527},{""position"":""DEF"",""strategy"":""ridge"",""rows"":3114,""weeks"":12,""mae"":0.934790134,""mase"":0.6636861322,""rmse"":1.9797026899,""bias"":-0.1140735305,""total_calibration"":0.8817493429,""spearman"":0.6335316466,""top1_capture"":0.2527472527},{""position"":""DEF"",""strategy"":""single:catboost_mae"",""rows"":3114,""weeks"":12,""mae"":0.8306190635,""mase"":0.589740486,""rmse"":2.1291143808,""bias"":-0.5172430121,""total_calibration"":0.4638166645,""spearman"":0.5922885954,""top1_capture"":0.2362637363},{""position"":""DEF"",""strategy"":""single:catboost_rmse"",""rows"":3114,""weeks"":12,""mae"":0.9835445518,""mase"":0.6982826269,""rmse"":1.970361759,""bias"":0.0008206657,""total_calibration"":1.0008507167,""spearman"":0.6315575743,""top1_capture"":0.2142857143},{""position"":""DEF"",""strategy"":""single:hist_gradient_boosting_squared"",""rows"":3114,""weeks"":12,""mae"":1.0224437053,""mase"":0.7259457102,""rmse"":1.9799961963,""bias"":0.0576093751,""total_calibration"":1.0597189061,""spearman"":0.6281510516,""top1_capture"":0.3241758242},{""position"":""DEF"",""strategy"":""single:lightgbm_l2"",""rows"":3114,""weeks"":12,""mae"":0.9838775718,""mase"":0.6985007726,""rmse"":1.9915444807,""bias"":-0.0023603142,""total_calibration"":0.9975532562,""spearman"":0.6277873736,""top1_capture"":0.3351648352},{""position"":""DEF"",""strategy"":""top_k"",""rows"":3114,""weeks"":12,""mae"":0.9130480706,""mase"":0.6482278496,""rmse"":1.9922542394,""bias"":-0.1705471841,""total_calibration"":0.8232077459,""spearman"":0.6326829784,""top1_capture"":0.2472527473},{""position"":""FWD"",""strategy"":""equal"",""rows"":1268,""weeks"":12,""mae"":0.9109586395,""mase"":0.6363762467,""rmse"":2.1189438699,""bias"":-0.1465855314,""total_calibration"":0.8724293385,""spearman"":0.745215055,""top1_capture"":0.3756613757},{""position"":""FWD"",""strategy"":""nnls"",""rows"":1268,""weeks"":12,""mae"":0.8842320461,""mase"":0.6178805582,""rmse"":2.1620288095,""bias"":-0.249936284,""total_calibration"":0.7824851008,""spearman"":0.7474563122,""top1_capture"":0.3386243386},{""position"":""FWD"",""strategy"":""ridge"",""rows"":1268,""weeks"":12,""mae"":0.8923542694,""mase"":0.6235220272,""rmse"":2.1522755092,""bias"":-0.2240063304,""total_calibration"":0.8050514571,""spearman"":0.7467899148,""top1_capture"":0.3756613757},{""position"":""FWD"",""strategy"":""single:catboost_mae"",""rows"":1268,""weeks"":12,""mae"":0.8193088081,""mase"":0.5723962522,""rmse"":2.2918408839,""bias"":-0.5329619596,""total_calibration"":0.5361731196,""spearman"":0.709896102,""top1_capture"":0.4444444444},{""position"":""FWD"",""strategy"":""single:catboost_rmse"",""rows"":1268,""weeks"":12,""mae"":0.9638575133,""mase"":0.6733658568,""rmse"":2.1171687366,""bias"":-0.0275790468,""total_calibration"":0.9759984686,""spearman"":0.7432118275,""top1_capture"":0.3544973545},{""position"":""FWD"",""strategy"":""single:hist_gradient_boosting_squared"",""rows"":1268,""weeks"":12,""mae"":0.9852618085,""mase"":0.6882720645,""rmse"":2.1120759814,""bias"":-0.0011816584,""total_calibration"":0.9989716246,""spearman"":0.7574328693,""top1_capture"":0.4761904762},{""position"":""FWD"",""strategy"":""single:lightgbm_l2"",""rows"":1268,""weeks"":12,""mae"":0.9486822643,""mase"":0.6626867707,""rmse"":2.1292751784,""bias"":-0.0246194609,""total_calibration"":0.9785741411,""spearman"":0.731880083,""top1_capture"":0.3703703704},{""position"":""FWD"",""strategy"":""top_k"",""rows"":1268,""weeks"":12,""mae"":0.8917645189,""mase"":0.6229723312,""rmse"":2.1289976979,""bias"":-0.1879786258,""total_calibration"":0.8364056984,""spearman"":0.7466127238,""top1_capture"":0.3756613757},{""position"":""GK"",""strategy"":""equal"",""rows"":1098,""weeks"":12,""mae"":0.5687107711,""mase"":0.6169092435,""rmse"":1.4657228822,""bias"":-0.0356946427,""total_calibration"":0.9516139288,""spearman"":0.6463472092,""top1_capture"":0.5877862595},{""position"":""GK"",""strategy"":""nnls"",""rows"":1098,""weeks"":12,""mae"":0.5929778325,""mase"":0.6433110539,""rmse"":1.4740039884,""bias"":0.0172975629,""total_calibration"":1.0234478074,""spearman"":0.6420015935,""top1_capture"":0.5038167939},{""position"":""GK"",""strategy"":""ridge"",""rows"":1098,""weeks"":12,""mae"":0.5920649523,""mase"":0.6423232984,""rmse"":1.4723014638,""bias"":0.0160959852,""total_calibration"":1.0218190022,""spearman"":0.6420221409,""top1_capture"":0.5267175573},{""position"":""GK"",""strategy"":""single:catboost_mae"",""rows"":1098,""weeks"":12,""mae"":0.5226551807,""mase"":0.5669986173,""rmse"":1.5527650031,""bias"":-0.23907806,""total_calibration"":0.6759164076,""spearman"":0.6181946805,""top1_capture"":0.2900763359},{""position"":""GK"",""strategy"":""single:catboost_rmse"",""rows"":1098,""weeks"":12,""mae"":0.5964066119,""mase"":0.6469761802,""rmse"":1.4600988493,""bias"":0.0259035509,""total_calibration"":1.0351137023,""spearman"":0.6446463803,""top1_capture"":0.4351145038},{""position"":""GK"",""strategy"":""single:hist_gradient_boosting_squared"",""rows"":1098,""weeks"":12,""mae"":0.6139241131,""mase"":0.6659821588,""rmse"":1.4918826011,""bias"":0.0484322049,""total_calibration"":1.0656525444,""spearman"":0.6855204483,""top1_capture"":0.5038167939},{""position"":""GK"",""strategy"":""single:lightgbm_l2"",""rows"":1098,""weeks"":12,""mae"":0.5971816092,""mase"":0.6478105762,""rmse"":1.4902192825,""bias"":0.0219637333,""total_calibration"":1.0297730607,""spearman"":0.6374753521,""top1_capture"":0.465648855},{""position"":""GK"",""strategy"":""top_k"",""rows"":1098,""weeks"":12,""mae"":0.5576884491,""mase"":0.6049568214,""rmse"":1.4694624724,""bias"":-0.0637369253,""total_calibration"":0.9136010569,""spearman"":0.6426664401,""top1_capture"":0.4580152672},{""position"":""MID"",""strategy"":""equal"",""rows"":4176,""weeks"":12,""mae"":0.8738377121,""mase"":0.6723653448,""rmse"":1.9357571537,""bias"":-0.0754325314,""total_calibration"":0.9358308717,""spearman"":0.763004378,""top1_capture"":0.3125},{""position"":""MID"",""strategy"":""nnls"",""rows"":4176,""weeks"":12,""mae"":0.8590007859,""mase"":0.6609595609,""rmse"":1.9433575083,""bias"":-0.1220582412,""total_calibration"":0.8961672,""spearman"":0.7635764343,""top1_capture"":0.3557692308},{""position"":""MID"",""strategy"":""ridge"",""rows"":4176,""weeks"":12,""mae"":0.8592436874,""mase"":0.6611466516,""rmse"":1.9431643354,""bias"":-0.1211643408,""total_calibration"":0.8969276253,""spearman"":0.7635967411,""top1_capture"":0.3557692308},{""position"":""MID"",""strategy"":""single:catboost_mae"",""rows"":4176,""weeks"":12,""mae"":0.7865385485,""mase"":0.6052376538,""rmse"":2.088439442,""bias"":-0.4554740334,""total_calibration"":0.612536247,""spearman"":0.7367441953,""top1_capture"":0.2980769231},{""position"":""MID"",""strategy"":""single:catboost_rmse"",""rows"":4176,""weeks"":12,""mae"":0.922847379,""mase"":0.7100610539,""rmse"":1.9454879872,""bias"":0.0437105627,""total_calibration"":1.0371838073,""spearman"":0.7598231351,""top1_capture"":0.2451923077},{""position"":""MID"",""strategy"":""single:hist_gradient_boosting_squared"",""rows"":4176,""weeks"":12,""mae"":0.9302322312,""mase"":0.7157744413,""rmse"":1.9420516872,""bias"":0.0520499588,""total_calibration"":1.044277985,""spearman"":0.7677124656,""top1_capture"":0.3125},{""position"":""MID"",""strategy"":""single:lightgbm_l2"",""rows"":4176,""weeks"":12,""mae"":0.9273378157,""mase"":0.7135016926,""rmse"":1.9591127723,""bias"":0.0579833864,""total_calibration"":1.0493254474,""spearman"":0.7596060137,""top1_capture"":0.3557692308},{""position"":""MID"",""strategy"":""top_k"",""rows"":4176,""weeks"":12,""mae"":0.8627845267,""mase"":0.6638649504,""rmse"":1.9432314938,""bias"":-0.1170435333,""total_calibration"":0.9004331238,""spearman"":0.7630212941,""top1_capture"":0.3269230769}]",,,,,,,,,,
2026-10-02T10:19:14.206088,19837ea,"{""catboost"": ""1.2.10"", ""highspy"": ""1.15.1"", ""lightgbm"": ""4.6.0"", ""numpy"": ""2.4.6"", ""pandas"": ""3.0.3"", ""pulp"": ""3.3.2"", ""pytabkit"": ""1.7.3"", ""scikit-learn"": ""1.9.0"", ""scipy"": ""1.17.1"", ""torch"": ""2.13.0"", ""xgboost"": ""3.2.0""}",engineering_recovery_exact_bank_2026_10_02,"{""block_len"": 3, ""chips"": ""disabled"", ""evidence_dir"": ""experiments/engineering_recovery_2026-10-02"", ""gw_end"": 183, ""gw_start"": 153, ""horizon"": 3, ""n_boot"": 10000, ""scoring_protocol"": ""autosubs_v2"", ""seed"": 0, ""uncommitted"": true}",,,,,,,,,,,,,,,,,,,,,,,,,,,,,,,,,,,0,0,,,,,,,,,,2088.0,2088.0,1901.0,1901.0,0.0,0.0,243.0,,,
2026-10-02T10:23:26.233304,19837ea,"{""catboost"": ""1.2.10"", ""highspy"": ""1.15.1"", ""lightgbm"": ""4.6.0"", ""numpy"": ""2.4.6"", ""pandas"": ""3.0.3"", ""pulp"": ""3.3.2"", ""pytabkit"": ""1.7.3"", ""scikit-learn"": ""1.9.0"", ""scipy"": ""1.17.1"", ""torch"": ""2.13.0"", ""xgboost"": ""3.2.0""}",forecast_guard_recovery_2026_10_02,"{""evidence_dir"": ""experiments/engineering_recovery_2026-10-02"", ""kind"": ""engineering_validation"", ""uncommitted"": true}",,,,,,,,,,,,,,,,,,,,,,,,,,,,,,,,,,,,,,,,,,,,,,,,,,,,311,,,
2026-10-02T12:13:18.631619,19837ea,"{""catboost"": ""1.2.10"", ""highspy"": ""1.15.1"", ""lightgbm"": ""4.6.0"", ""numpy"": ""2.4.6"", ""pandas"": ""3.0.3"", ""pulp"": ""3.3.2"", ""pytabkit"": ""1.7.3"", ""scikit-learn"": ""1.9.0"", ""scipy"": ""1.17.1"", ""torch"": ""2.13.0"", ""xgboost"": ""3.2.0""}",tournament_checkpoint_engineering_2026_10_02,"{""evidence_dir"": ""experiments/engineering_recovery_2026-10-02"", ""model_studies_launched"": 0, ""oof_schema"": ""player_round_v1"", ""sampler_protocol"": ""serial_trial_seed_v1"", ""uncommitted"": true}",,,,,,,,,,,,,,,,,,,,,,,,,,,,,,,,,,,,,,,,,,,,,,,,,,,,391,13652.0,901.0,48.0
